Index,NLQ,PREDICTED SQL,GOLD SQL,DATABASE
0,What is the ratio of customers who pay in EUR against customers who pay in CZK?,SELECT CAST(SUM(CASE WHEN Currency = 'EUR' THEN 1 ELSE 0 END) AS REAL) / SUM(CASE WHEN Currency = 'CZK' THEN 1 ELSE 0 END) FROM customers,"SELECT CAST(SUM(IIF(Currency = 'EUR', 1, 0)) AS FLOAT) / SUM(IIF(Currency = 'CZK', 1, 0)) AS ratio FROM customers",debit_card_specializing
1,"In 2012, who had the least consumption in LAM?",SELECT T1.CustomerID FROM yearmonth AS T1 JOIN customers AS T2 ON T1.CustomerID = T2.CustomerID WHERE T2.Segment = 'LAM' AND T1.Date LIKE '2012%' ORDER BY T1.Consumption LIMIT 1,"SELECT T1.CustomerID FROM customers AS T1 INNER JOIN yearmonth AS T2 ON T1.CustomerID = T2.CustomerID WHERE T1.Segment = 'LAM' AND SUBSTR(T2.Date, 1, 4) = '2012' GROUP BY T1.CustomerID ORDER BY SUM(T2.Consumption) ASC LIMIT 1",debit_card_specializing
2,What was the average monthly consumption of customers in SME for the year 2013?,SELECT avg(T1.Consumption) FROM yearmonth AS T1 JOIN customers AS T2 ON T1.CustomerID = T2.CustomerID WHERE T2.Segment = 'SME' AND T1.Date LIKE '2013%',"SELECT AVG(T2.Consumption) / 12 FROM customers AS T1 INNER JOIN yearmonth AS T2 ON T1.CustomerID = T2.CustomerID WHERE SUBSTR(T2.Date, 1, 4) = '2013' AND T1.Segment = 'SME'",debit_card_specializing
3,What was the difference in gas consumption between CZK-paying customers and EUR-paying customers in 2012?,SELECT sum(CASE WHEN T2.Currency = 'CZK' THEN T1.Consumption ELSE 0 END) - sum(CASE WHEN T2.Currency = 'EUR' THEN T1.Consumption ELSE 0 END) FROM yearmonth AS T1 JOIN customers AS T2 ON T1.CustomerID  =  T2.CustomerID WHERE T1.Date LIKE '2012%',"SELECT SUM(IIF(T1.Currency = 'CZK', T2.Consumption, 0)) - SUM(IIF(T1.Currency = 'EUR', T2.Consumption, 0)) FROM customers AS T1 INNER JOIN yearmonth AS T2 ON T1.CustomerID = T2.CustomerID WHERE SUBSTR(T2.Date, 1, 4) = '2012'",debit_card_specializing
4,Which year recorded the most consumption of gas paid in CZK?,"SELECT substr(T1.Date, 1, 4) FROM yearmonth AS T1 JOIN customers AS T2 ON T1.CustomerID  =  T2.CustomerID WHERE T2.Currency  =  'CZK' GROUP BY substr(T1.Date, 1, 4) ORDER BY sum(T1.Consumption) DESC LIMIT 1","SELECT SUBSTR(T2.Date, 1, 4) FROM customers AS T1 INNER JOIN yearmonth AS T2 ON T1.CustomerID = T2.CustomerID WHERE T1.Currency = 'CZK' GROUP BY SUBSTR(T2.Date, 1, 4) ORDER BY SUM(T2.Consumption) DESC LIMIT 1",debit_card_specializing
5,What was the gas consumption peak month for SME customers in 2013?,"SELECT substr(T1.Date, 5, 2) FROM yearmonth AS T1 JOIN customers AS T2 ON T1.CustomerID = T2.CustomerID WHERE T2.Segment = 'SME' AND T1.Date LIKE '2013%' GROUP BY substr(T1.Date, 5, 2) ORDER BY sum(T1.Consumption) DESC LIMIT 1","SELECT SUBSTR(T2.Date, 5, 2) FROM customers AS T1 INNER JOIN yearmonth AS T2 ON T1.CustomerID = T2.CustomerID WHERE SUBSTR(T2.Date, 1, 4) = '2013' AND T1.Segment = 'SME' GROUP BY SUBSTR(T2.Date, 5, 2) ORDER BY SUM(T2.Consumption) DESC LIMIT 1",debit_card_specializing
6,"What is the difference in the annual average consumption of the customers with the least amount of consumption paid in CZK for 2013 between SME and LAM, LAM and KAM, and KAM and SME?","WITH MinTotalConsumption AS (   SELECT MIN(TotalConsumption) AS MinVal   FROM (     SELECT       SUM(YM.Consumption) AS TotalConsumption     FROM yearmonth AS YM     JOIN customers AS C       ON YM.CustomerID = C.CustomerID     WHERE       SUBSTR(YM.Date, 1, 4) = '2013' AND C.Currency = 'CZK'     GROUP BY       YM.CustomerID   ) AS CustomerTotalConsumptions ), LeastConsumptionCustomers AS (   SELECT     YM.CustomerID   FROM yearmonth AS YM   JOIN customers AS C     ON YM.CustomerID = C.CustomerID   WHERE     SUBSTR(YM.Date, 1, 4) = '2013' AND C.Currency = 'CZK'   GROUP BY     YM.CustomerID   HAVING     SUM(YM.Consumption) = (       SELECT         MinVal       FROM MinTotalConsumption     ) ), SegmentAverages AS (   SELECT     C.Segment,     AVG(YM.Consumption) AS AvgConsumption   FROM yearmonth AS YM   JOIN customers AS C     ON YM.CustomerID = C.CustomerID   WHERE     YM.CustomerID IN (       SELECT         CustomerID       FROM LeastConsumptionCustomers     ) AND SUBSTR(YM.Date, 1, 4) = '2013' AND C.Segment IN ('SME', 'LAM', 'KAM')   GROUP BY     C.Segment ) SELECT   (     SELECT       AvgConsumption     FROM SegmentAverages     WHERE       Segment = 'SME'   ) - (     SELECT       AvgConsumption     FROM SegmentAverages     WHERE       Segment = 'LAM'   ) AS SME_LAM_Diff,   (     SELECT       AvgConsumption     FROM SegmentAverages     WHERE       Segment = 'LAM'   ) - (     SELECT       AvgConsumption     FROM SegmentAverages     WHERE       Segment = 'KAM'   ) AS LAM_KAM_Diff,   (     SELECT       AvgConsumption     FROM SegmentAverages     WHERE       Segment = 'KAM'   ) - (     SELECT       AvgConsumption     FROM SegmentAverages     WHERE       Segment = 'SME'   ) AS KAM_SME_Diff","SELECT CAST(SUM(IIF(T1.Segment = 'SME', T2.Consumption, 0)) AS REAL) / COUNT(T1.CustomerID) - CAST(SUM(IIF(T1.Segment = 'LAM', T2.Consumption, 0)) AS REAL) / COUNT(T1.CustomerID) , CAST(SUM(IIF(T1.Segment = 'LAM', T2.Consumption, 0)) AS REAL) / COUNT(T1.CustomerID) - CAST(SUM(IIF(T1.Segment = 'KAM', T2.Consumption, 0)) AS REAL) / COUNT(T1.CustomerID) , CAST(SUM(IIF(T1.Segment = 'KAM', T2.Consumption, 0)) AS REAL) / COUNT(T1.CustomerID) - CAST(SUM(IIF(T1.Segment = 'SME', T2.Consumption, 0)) AS REAL) / COUNT(T1.CustomerID) FROM customers AS T1 INNER JOIN yearmonth AS T2 ON T1.CustomerID = T2.CustomerID WHERE T1.Currency = 'CZK' AND T2.Consumption = ( SELECT MIN(Consumption) FROM yearmonth ) AND T2.Date BETWEEN 201301 AND 201312",debit_card_specializing
7,"Which of the three segments—SME, LAM and KAM—has the biggest and lowest percentage increases in consumption paid in EUR between 2012 and 2013?","SELECT   T1.Segment,   (SUM(CASE WHEN T2.Date LIKE '2013%' THEN T2.Consumption ELSE 0 END) - SUM(CASE WHEN T2.Date LIKE '2012%' THEN T2.Consumption ELSE 0 END)) * 100.0 / SUM(CASE WHEN T2.Date LIKE '2012%' THEN T2.Consumption ELSE 0 END) AS PercentageIncrease FROM customers AS T1 JOIN yearmonth AS T2   ON T1.CustomerID = T2.CustomerID WHERE   T1.Currency = 'EUR' AND T1.Segment IN ('SME', 'LAM', 'KAM') GROUP BY   T1.Segment ORDER BY   PercentageIncrease DESC LIMIT 1 UNION ALL SELECT   T1.Segment,   (SUM(CASE WHEN T2.Date LIKE '2013%' THEN T2.Consumption ELSE 0 END) - SUM(CASE WHEN T2.Date LIKE '2012%' THEN T2.Consumption ELSE 0 END)) * 100.0 / SUM(CASE WHEN T2.Date LIKE '2012%' THEN T2.Consumption ELSE 0 END) AS PercentageIncrease FROM customers AS T1 JOIN yearmonth AS T2   ON T1.CustomerID = T2.CustomerID WHERE   T1.Currency = 'EUR' AND T1.Segment IN ('SME', 'LAM', 'KAM') GROUP BY   T1.Segment ORDER BY   PercentageIncrease ASC LIMIT 1","SELECT CAST((SUM(IIF(T1.Segment = 'SME' AND T2.Date LIKE '2013%', T2.Consumption, 0)) - SUM(IIF(T1.Segment = 'SME' AND T2.Date LIKE '2012%', T2.Consumption, 0))) AS FLOAT) * 100 / SUM(IIF(T1.Segment = 'SME' AND T2.Date LIKE '2012%', T2.Consumption, 0)), CAST(SUM(IIF(T1.Segment = 'LAM' AND T2.Date LIKE '2013%', T2.Consumption, 0)) - SUM(IIF(T1.Segment = 'LAM' AND T2.Date LIKE '2012%', T2.Consumption, 0)) AS FLOAT) * 100 / SUM(IIF(T1.Segment = 'LAM' AND T2.Date LIKE '2012%', T2.Consumption, 0)) , CAST(SUM(IIF(T1.Segment = 'KAM' AND T2.Date LIKE '2013%', T2.Consumption, 0)) - SUM(IIF(T1.Segment = 'KAM' AND T2.Date LIKE '2012%', T2.Consumption, 0)) AS FLOAT) * 100 / SUM(IIF(T1.Segment = 'KAM' AND T2.Date LIKE '2012%', T2.Consumption, 0)) FROM customers AS T1 INNER JOIN yearmonth AS T2 ON T1.CustomerID = T2.CustomerID",debit_card_specializing
8,How much did customer 6 consume in total between August and November 2013?,SELECT SUM(Consumption) FROM yearmonth WHERE CustomerID = 6 AND Date BETWEEN '201308' AND '201311',SELECT SUM(Consumption) FROM yearmonth WHERE CustomerID = 6 AND Date BETWEEN '201308' AND '201311',debit_card_specializing
9,"How many more ""discount"" gas stations does the Czech Republic have compared to Slovakia?",SELECT ( SELECT count(*) FROM gasstations WHERE Segment = 'discount' AND Country = 'Czech Republic' ) - ( SELECT count(*) FROM gasstations WHERE Segment = 'discount' AND Country = 'Slovakia' ),"SELECT SUM(IIF(Country = 'CZE', 1, 0)) - SUM(IIF(Country = 'SVK', 1, 0)) FROM gasstations WHERE Segment = 'Discount'",debit_card_specializing
10,"Is it true that more SMEs pay in Czech koruna than in euros? If so, how many more?",SELECT (SELECT count(CustomerID) FROM customers WHERE Segment = 'SME' AND Currency = 'CZK') - (SELECT count(CustomerID) FROM customers WHERE Segment = 'SME' AND Currency = 'EUR'),SELECT SUM(Currency = 'CZK') - SUM(Currency = 'EUR') FROM customers WHERE Segment = 'SME',debit_card_specializing
11,How many percent of LAM customer consumed more than 46.73?,SELECT CAST(COUNT(DISTINCT T1.CustomerID) AS REAL) * 100 / (SELECT COUNT(DISTINCT CustomerID) FROM customers WHERE Segment  =  'LAM') FROM customers AS T1 JOIN yearmonth AS T2 ON T1.CustomerID  =  T2.CustomerID WHERE T1.Segment  =  'LAM' AND T2.Consumption  >  46.73,"SELECT CAST(SUM(IIF(T2.Consumption > 46.73, 1, 0)) AS FLOAT) * 100 / COUNT(T1.CustomerID) FROM customers AS T1 INNER JOIN yearmonth AS T2 ON T1.CustomerID = T2.CustomerID WHERE T1.Segment = 'LAM'",debit_card_specializing
12,"In February 2012, what percentage of customers consumed more than 528.3?",SELECT CAST(COUNT(DISTINCT CASE WHEN Consumption > 528.3 THEN CustomerID ELSE NULL END) AS REAL) * 100 / COUNT(DISTINCT CustomerID) FROM yearmonth WHERE Date = '201202',"SELECT CAST(SUM(IIF(Consumption > 528.3, 1, 0)) AS FLOAT) * 100 / COUNT(CustomerID) FROM yearmonth WHERE Date = '201202'",debit_card_specializing
13,What is the highest monthly consumption in the year 2012?,SELECT max(Consumption) FROM yearmonth WHERE Date LIKE '2012%',"SELECT SUM(Consumption) FROM yearmonth WHERE SUBSTR(Date, 1, 4) = '2012' GROUP BY SUBSTR(Date, 5, 2) ORDER BY SUM(Consumption) DESC LIMIT 1",debit_card_specializing
14,"Please list the product description of the products consumed in September, 2013.",SELECT DISTINCT T1.Description FROM products AS T1 JOIN transactions_1k AS T2 ON T1.ProductID  =  T2.ProductID WHERE T2.Date LIKE '2013-09-%',SELECT T3.Description FROM transactions_1k AS T1 INNER JOIN yearmonth AS T2 ON T1.CustomerID = T2.CustomerID INNER JOIN products AS T3 ON T1.ProductID = T3.ProductID WHERE T2.Date = '201309',debit_card_specializing
15,"Please list the countries of the gas stations with transactions taken place in June, 2013.",SELECT DISTINCT T1.Country FROM gasstations AS T1 JOIN transactions_1k AS T2 ON T1.GasStationID = T2.GasStationID WHERE T2.Date LIKE '2013-06-%',SELECT DISTINCT T2.Country FROM transactions_1k AS T1 INNER JOIN gasstations AS T2 ON T1.GasStationID = T2.GasStationID INNER JOIN yearmonth AS T3 ON T1.CustomerID = T3.CustomerID WHERE T3.Date = '201306',debit_card_specializing
16,"Among the customers who paid in euro, how many of them have a monthly consumption of over 1000?",SELECT count(DISTINCT T1.CustomerID) FROM customers AS T1 JOIN yearmonth AS T2 ON T1.CustomerID  =  T2.CustomerID WHERE T1.Currency  =  'EUR' AND T2.Consumption  >  1000,SELECT COUNT(*) FROM yearmonth AS T1 INNER JOIN customers AS T2 ON T1.CustomerID = T2.CustomerID WHERE T2.Currency = 'EUR' AND T1.Consumption > 1000.00,debit_card_specializing
17,Please list the product descriptions of the transactions taken place in the gas stations in the Czech Republic.,SELECT DISTINCT T1.Description FROM products AS T1 JOIN transactions_1k AS T2 ON T1.ProductID  =  T2.ProductID JOIN gasstations AS T3 ON T2.GasStationID  =  T3.GasStationID WHERE T3.Country  =  'CZE',SELECT DISTINCT T3.Description FROM transactions_1k AS T1 INNER JOIN gasstations AS T2 ON T1.GasStationID = T2.GasStationID INNER JOIN products AS T3 ON T1.ProductID = T3.ProductID WHERE T2.Country = 'CZE',debit_card_specializing
18,Please list the disparate time of the transactions taken place in the gas stations from chain no. 11.,SELECT DISTINCT T1.Time FROM transactions_1k AS T1 JOIN gasstations AS T2 ON T1.GasStationID = T2.GasStationID WHERE T2.ChainID = 11,SELECT DISTINCT T1.Time FROM transactions_1k AS T1 INNER JOIN gasstations AS T2 ON T1.GasStationID = T2.GasStationID WHERE T2.ChainID = 11,debit_card_specializing
19,"Among the transactions made in the gas stations in the Czech Republic, how many of them are taken place after 2012/1/1?",SELECT count(*) FROM transactions_1k AS T1 JOIN gasstations AS T2 ON T1.GasStationID  =  T2.GasStationID WHERE T2.Country  =  'CZE' AND T1.Date  >  '2012-01-01',"SELECT COUNT(T1.TransactionID) FROM transactions_1k AS T1 INNER JOIN gasstations AS T2 ON T1.GasStationID = T2.GasStationID WHERE T2.Country = 'CZE' AND STRFTIME('%Y', T1.Date) >= '2012'",debit_card_specializing
20,What kind of currency did the customer paid at 16:25:00 in 2012/8/24?,SELECT DISTINCT T1.Currency FROM customers AS T1 JOIN transactions_1k AS T2 ON T1.CustomerID = T2.CustomerID WHERE T2.Date = '2012-08-24' AND T2.Time = '16:25:00',SELECT DISTINCT T3.Currency FROM transactions_1k AS T1 INNER JOIN gasstations AS T2 ON T1.GasStationID = T2.GasStationID INNER JOIN customers AS T3 ON T1.CustomerID = T3.CustomerID WHERE T1.Date = '2012-08-24' AND T1.Time = '16:25:00',debit_card_specializing
21,What segment did the customer have at 2012/8/23 21:20:00?,SELECT DISTINCT T1.Segment FROM customers AS T1 JOIN transactions_1k AS T2 ON T1.CustomerID  =  T2.CustomerID WHERE T2.Date  =  '2012-08-23' AND T2.Time  =  '21:20:00',SELECT T2.Segment FROM transactions_1k AS T1 INNER JOIN customers AS T2 ON T1.CustomerID = T2.CustomerID WHERE T1.date = '2012-08-23' AND T1.time = '21:20:00',debit_card_specializing
22,"For all the transactions happened during 8:00-9:00 in 2012/8/26, how many happened in CZE?",SELECT count(T1.TransactionID) FROM transactions_1k AS T1 JOIN gasstations AS T2 ON T1.GasStationID = T2.GasStationID WHERE T1.Date = '2012-08-26' AND T1.Time BETWEEN '08:00:00' AND '09:00:00' AND T2.Country = 'CZE',SELECT COUNT(T1.TransactionID) FROM transactions_1k AS T1 INNER JOIN gasstations AS T2 ON T1.GasStationID = T2.GasStationID WHERE T1.Date = '2012-08-26' AND T1.Time BETWEEN '08:00:00' AND '09:00:00' AND T2.Country = 'CZE',debit_card_specializing
23,What's the nationality of the customer who spent 548.4 in 2012/8/24?,SELECT DISTINCT T2.Country FROM transactions_1k AS T1 JOIN gasstations AS T2 ON T1.GasStationID = T2.GasStationID WHERE T1.Amount = 548.4 AND T1.Date = '2012-08-24',SELECT T2.Country FROM transactions_1k AS T1 INNER JOIN gasstations AS T2 ON T1.GasStationID = T2.GasStationID WHERE T1.Date = '2012-08-24' AND T1.Price  = 548.4,debit_card_specializing
24,What is the percentage of the customers who used EUR in 2012/8/25?,SELECT CAST(COUNT(DISTINCT CASE WHEN T1.Currency = 'EUR' THEN T1.CustomerID ELSE NULL END) AS REAL) * 100.0 / COUNT(DISTINCT T1.CustomerID) FROM customers AS T1 JOIN transactions_1k AS T2 ON T1.CustomerID = T2.CustomerID WHERE T2.Date = '2012-08-25',"SELECT CAST(SUM(IIF(T2.Currency = 'EUR', 1, 0)) AS FLOAT) * 100 / COUNT(T1.CustomerID) FROM transactions_1k AS T1 INNER JOIN customers AS T2 ON T1.CustomerID = T2.CustomerID WHERE T1.Date = '2012-08-25'",debit_card_specializing
25,"For the customer who paid 634.8 in 2012/8/25, what was the consumption decrease rate from Year 2012 to 2013?",SELECT (SUM(CASE WHEN T2.Date LIKE '2012%' THEN T2.Consumption ELSE 0 END) - SUM(CASE WHEN T2.Date LIKE '2013%' THEN T2.Consumption ELSE 0 END)) * 1.0 / SUM(CASE WHEN T2.Date LIKE '2012%' THEN T2.Consumption ELSE 0 END) FROM transactions_1k AS T1 JOIN yearmonth AS T2 ON T1.CustomerID = T2.CustomerID WHERE T1.Amount = 634.8 AND T1.Date = '2012-08-25' GROUP BY T2.CustomerID LIMIT 1,"SELECT CAST(SUM(IIF(SUBSTRING(Date, 1, 4) = '2012', Consumption, 0)) - SUM(IIF(SUBSTRING(Date, 1, 4) = '2013', Consumption, 0)) AS FLOAT) / SUM(IIF(SUBSTRING(Date, 1, 4) = '2012', Consumption, 0)) FROM yearmonth WHERE CustomerID = ( SELECT T1.CustomerID FROM transactions_1k AS T1 INNER JOIN gasstations AS T2 ON T1.GasStationID = T2.GasStationID WHERE T1.Date = '2012-08-25' AND T1.Price  = 1513.12 )",debit_card_specializing
26,"What is the percentage of ""premium"" against the overall segment in Country = ""SVK""?",SELECT CAST(SUM(CASE WHEN Segment  =  'Premium' THEN 1 ELSE 0 END) AS REAL) * 100 / COUNT(*) FROM gasstations WHERE Country  =  'SVK',"SELECT CAST(SUM(IIF(Country = 'SVK' AND Segment = 'Premium', 1, 0)) AS FLOAT) * 100 / SUM(IIF(Country = 'SVK', 1, 0)) FROM gasstations",debit_card_specializing
27,"What is the amount spent by customer ""38508"" at the gas stations? How much had the customer spent in January 2012?","SELECT SUM(Amount), SUM(CASE WHEN Date BETWEEN '2012-01-01' AND '2012-01-31' THEN Amount ELSE 0 END) FROM transactions_1k WHERE CustomerID = 38508","SELECT SUM(T1.Price ) , SUM(IIF(T3.Date = '201201', T1.Price, 0)) FROM transactions_1k AS T1 INNER JOIN gasstations AS T2 ON T1.GasStationID = T2.GasStationID INNER JOIN yearmonth AS T3 ON T1.CustomerID = T3.CustomerID WHERE T1.CustomerID = '38508'",debit_card_specializing
28,Who is the top spending customer and how much is the average price per single item purchased by this customer? What currency was being used?,"SELECT T1.CustomerID , SUM(T1.Price) / SUM(T1.Amount) , T2.Currency FROM transactions_1k AS T1 JOIN customers AS T2 ON T1.CustomerID  =  T2.CustomerID GROUP BY T1.CustomerID ORDER BY SUM(T1.Price) DESC LIMIT 1","SELECT T2.CustomerID, SUM(T2.Price / T2.Amount), T1.Currency FROM customers AS T1 INNER JOIN transactions_1k AS T2 ON T1.CustomerID = T2.CustomerID WHERE T2.CustomerID = ( SELECT CustomerID FROM yearmonth ORDER BY Consumption DESC LIMIT 1 ) GROUP BY T2.CustomerID, T1.Currency",debit_card_specializing
29,For all the people who paid more than 29.00 per unit of product id No.5. Give their consumption status in the August of 2012.,SELECT T2.Consumption FROM transactions_1k AS T1 JOIN yearmonth AS T2 ON T1.CustomerID = T2.CustomerID WHERE T1.ProductID = 5 AND T1.Price / T1.Amount > 29.00 AND T2.Date = '201208',SELECT T2.Consumption FROM transactions_1k AS T1 INNER JOIN yearmonth AS T2 ON T1.CustomerID = T2.CustomerID WHERE T1.Price / T1.Amount > 29.00 AND T1.ProductID = 5 AND T2.Date = '201208',debit_card_specializing
30,What's Angela Sanders's major?,SELECT T2.major_name FROM member AS T1 JOIN major AS T2 ON T1.link_to_major = T2.major_id WHERE T1.first_name = 'Angela' AND T1.last_name = 'Sanders',SELECT T2.major_name FROM member AS T1 INNER JOIN major AS T2 ON T1.link_to_major = T2.major_id WHERE T1.first_name = 'Angela' AND T1.last_name = 'Sanders',student_club
31,"Among the students from the Student_Club who attended the event ""Women's Soccer"", how many of them want a T-shirt that's in medium size?",SELECT count(T1.member_id) FROM member AS T1 JOIN attendance AS T2 ON T1.member_id  =  T2.link_to_member JOIN event AS T3 ON T2.link_to_event  =  T3.event_id WHERE T3.event_name  =  'Women''s Soccer' AND T1.t_shirt_size  =  'Medium',SELECT COUNT(T1.event_id) FROM event AS T1 INNER JOIN attendance AS T2 ON T1.event_id = T2.link_to_event INNER JOIN member AS T3 ON T2.link_to_member = T3.member_id WHERE T1.event_name = 'Women''s Soccer' AND T3.t_shirt_size = 'Medium',student_club
32,"Among the events attended by more than 10 members of the Student_Club, how many of them are meetings?",SELECT count(*) FROM event WHERE event_id IN (SELECT link_to_event FROM attendance GROUP BY link_to_event HAVING count(*)  >  10) AND type  =  'Meeting',SELECT T1.event_name FROM event AS T1  INNER JOIN attendance AS T2 ON T1.event_id = T2.link_to_event GROUP BY T1.event_id  HAVING COUNT(T2.link_to_event) > 10 EXCEPT SELECT T1.event_name  FROM event AS T1  WHERE T1.type = 'Meeting',student_club
33,List all the names of events that had an attendance of over 20 students but were not fundraisers.,SELECT T1.event_name FROM event AS T1 JOIN attendance AS T2 ON T1.event_id  =  T2.link_to_event WHERE T1.type != 'fundraisers' GROUP BY T1.event_id HAVING count(T2.link_to_member)  >  20,SELECT T1.event_name FROM event AS T1 INNER JOIN attendance AS T2 ON T1.event_id = T2.link_to_event GROUP BY T1.event_id HAVING COUNT(T2.link_to_event) > 20 EXCEPT SELECT T1.event_name FROM event AS T1  WHERE T1.type = 'Fundraiser',student_club
34,What is the amount of the funds that the Vice President received?,SELECT T1.amount FROM income AS T1 JOIN member AS T2 ON T1.link_to_member = T2.member_id WHERE T2.position = 'Vice President',SELECT T2.amount FROM member AS T1 INNER JOIN income AS T2 ON T1.member_id = T2.link_to_member WHERE T1.position = 'Vice President',student_club
35,List the full name of the Student_Club members that grew up in Illinois state.,"SELECT T1.first_name ,  T1.last_name FROM member AS T1 JOIN zip_code AS T2 ON T1.zip  =  T2.zip_code WHERE T2.state  =  'Illinois'","SELECT T1.first_name, T1.last_name FROM member AS T1 INNER JOIN zip_code AS T2 ON T1.zip = T2.zip_code WHERE T2.state = 'Illinois'",student_club
36,"Was each expense in October Meeting on October 8, 2019 approved?",SELECT T3.approved FROM event AS T1 JOIN budget AS T2 ON T1.event_id  =  T2.link_to_event JOIN expense AS T3 ON T2.budget_id  =  T3.link_to_budget WHERE T1.event_name  =  'October Meeting' AND T1.event_date  =  '2019-10-08',SELECT T3.approved FROM event AS T1 INNER JOIN budget AS T2 ON T1.event_id = T2.link_to_event INNER JOIN expense AS T3 ON T2.budget_id = T3.link_to_budget WHERE T1.event_name = 'October Meeting' AND T1.event_date LIKE '2019-10-08%',student_club
37,Calculate the total average cost that Elijah Allen spent in the events on September and October.,"SELECT avg(T1.cost) FROM expense AS T1 JOIN member AS T2 ON T1.link_to_member  =  T2.member_id WHERE T2.first_name  =  'Elijah' AND T2.last_name  =  'Allen' AND strftime('%m', T1.expense_date) IN ('09', '10')","SELECT AVG(T2.cost) FROM member AS T1 INNER JOIN expense AS T2 ON T1.member_id = T2.link_to_member WHERE T1.last_name = 'Allen' AND T1.first_name = 'Elijah' AND (SUBSTR(T2.expense_date, 6, 2) = '09' OR SUBSTR(T2.expense_date, 6, 2) = '10')",student_club
38,Calculate the difference of the total amount spent in all events by the Student_Club in year 2019 and 2020.,SELECT (SELECT sum(T1.spent) FROM budget AS T1 JOIN event AS T2 ON T1.link_to_event = T2.event_id WHERE T2.event_date LIKE '2019%' AND T2.type = 'Student_Club') - (SELECT sum(T1.spent) FROM budget AS T1 JOIN event AS T2 ON T1.link_to_event = T2.event_id WHERE T2.event_date LIKE '2020%' AND T2.type = 'Student_Club'),"SELECT SUM(CASE WHEN SUBSTR(T1.event_date, 1, 4) = '2019' THEN T2.spent ELSE 0 END) - SUM(CASE WHEN SUBSTR(T1.event_date, 1, 4) = '2020' THEN T2.spent ELSE 0 END) AS num FROM event AS T1 INNER JOIN budget AS T2 ON T1.event_id = T2.link_to_event",student_club
39,What was the notes of the fundraising on 2019/9/14?,SELECT notes FROM event WHERE type = 'fundraising' AND event_date = '2019-09-14',SELECT notes FROM income WHERE source = 'Fundraising' AND date_received = '2019-09-14',student_club
40,"Tell the phone number of ""Carlo Jacobs"".",SELECT phone FROM member WHERE first_name = 'Carlo' AND last_name = 'Jacobs',SELECT phone FROM member WHERE first_name = 'Carlo' AND last_name = 'Jacobs',student_club
41,"What is the status of the event which bought ""Post Cards, Posters"" on 2019/8/20?","SELECT DISTINCT T3.status FROM expense AS T1 JOIN budget AS T2 ON T1.link_to_budget = T2.budget_id JOIN event AS T3 ON T2.link_to_event = T3.event_id WHERE T1.expense_description = 'Post Cards, Posters' AND T1.expense_date = '2019-08-20'","SELECT T1.event_status FROM budget AS T1 INNER JOIN expense AS T2 ON T1.budget_id = T2.link_to_budget WHERE T2.expense_description = 'Post Cards, Posters' AND T2.expense_date = '2019-08-20'",student_club
42,What was Brent Thomason's major?,SELECT T2.major_name FROM member AS T1 JOIN major AS T2 ON T1.link_to_major = T2.major_id WHERE T1.first_name = 'Brent' AND T1.last_name = 'Thomason',SELECT T2.major_name FROM member AS T1 INNER JOIN major AS T2 ON T1.link_to_major = T2.major_id WHERE T1.first_name = 'Brent' AND T1.last_name = 'Thomason',student_club
43,"For all the club members from ""Business"" major, how many of them wear medium size t-shirt?",SELECT count(T1.member_id) FROM member AS T1 JOIN major AS T2 ON T1.link_to_major = T2.major_id WHERE T2.major_name = 'Business' AND T1.t_shirt_size = 'Medium',SELECT COUNT(T1.member_id) FROM member AS T1 INNER JOIN major AS T2 ON T1.link_to_major = T2.major_id WHERE T2.major_name = 'Business' AND T1.t_shirt_size = 'Medium',student_club
44,Which department was the President of the club in?,SELECT T2.department FROM member AS T1 JOIN major AS T2 ON T1.link_to_major = T2.major_id WHERE T1.position = 'President',SELECT T2.department FROM member AS T1 INNER JOIN major AS T2 ON T1.link_to_major = T2.major_id WHERE T1.position = 'President',student_club
45,State the date Connor Hilton paid his/her dues.,SELECT T1.date_received FROM income AS T1 JOIN member AS T2 ON T1.link_to_member = T2.member_id WHERE T2.first_name = 'Connor' AND T2.last_name = 'Hilton',SELECT T2.date_received FROM member AS T1 INNER JOIN income AS T2 ON T1.member_id = T2.link_to_member WHERE T1.first_name = 'Connor' AND T1.last_name = 'Hilton' AND T2.source = 'Dues',student_club
46,"How many times was the budget in Advertisement for ""Yearly Kickoff"" meeting more than ""October Meeting""?",SELECT COUNT(*) FROM budget AS T1 JOIN event AS T2 ON T1.link_to_event = T2.event_id WHERE T1.category = 'Advertisement' AND T2.event_name = 'Yearly Kickoff' AND T1.amount > (SELECT SUM(T3.amount) FROM budget AS T3 JOIN event AS T4 ON T3.link_to_event = T4.event_id WHERE T3.category = 'Advertisement' AND T4.event_name = 'October Meeting'),SELECT CAST(SUM(CASE WHEN T2.event_name = 'Yearly Kickoff' THEN T1.amount ELSE 0 END) AS REAL) / SUM(CASE WHEN T2.event_name = 'October Meeting' THEN T1.amount ELSE 0 END) FROM budget AS T1 INNER JOIN event AS T2 ON T1.link_to_event = T2.event_id WHERE T1.category = 'Advertisement' AND T2.type = 'Meeting',student_club
47,What is the total cost of the pizzas for all the events?,SELECT sum(cost) FROM expense WHERE expense_description LIKE '%Pizza%',SELECT SUM(cost) FROM expense WHERE expense_description = 'Pizza',student_club
48,"How many cities are there in Orange County, Virginia?",SELECT count(DISTINCT city) FROM zip_code WHERE county  =  'Orange County' AND state  =  'Virginia',SELECT COUNT(city) FROM zip_code WHERE county = 'Orange County' AND state = 'Virginia',student_club
49,"What does the person with the phone number ""809-555-3360"" major in?",SELECT T2.major_name FROM member AS T1 JOIN major AS T2 ON T1.link_to_major = T2.major_id WHERE T1.phone = '809-555-3360',SELECT T2.major_name FROM member AS T1 INNER JOIN major AS T2 ON T1.link_to_major = T2.major_id WHERE T1.phone = '809-555-3360',student_club
50,"How many members attended the ""Women's Soccer"" event?",SELECT count(T1.member_id) FROM member AS T1 JOIN attendance AS T2 ON T1.member_id = T2.link_to_member JOIN event AS T3 ON T2.link_to_event = T3.event_id WHERE T3.event_name = 'Women''s Soccer',SELECT COUNT(T2.link_to_member) FROM event AS T1 INNER JOIN attendance AS T2 ON T1.event_id = T2.link_to_event WHERE T1.event_name = 'Women''s Soccer',student_club
51,"List all the members of the ""School of Applied Sciences, Technology and Education"" department.","SELECT T1.* FROM member AS T1 JOIN major AS T2 ON T1.link_to_major = T2.major_id WHERE T2.department = 'School of Applied Sciences, Technology and Education'","SELECT T1.first_name, T1.last_name FROM member AS T1 INNER JOIN major AS T2 ON T1.link_to_major = T2.major_id WHERE T2.department = 'School of Applied Sciences, Technology and Education'",student_club
52,"Among all the closed events, which event has the highest spend-to-budget ratio?",SELECT T1.event_name FROM event AS T1 JOIN budget AS T2 ON T1.event_id  =  T2.link_to_event WHERE T1.status  =  'Closed' ORDER BY T2.spent / T2.amount DESC LIMIT 1,SELECT T2.event_name FROM budget AS T1 INNER JOIN event AS T2 ON T1.link_to_event = T2.event_id WHERE T2.status = 'Closed' ORDER BY T1.spent / T1.amount DESC LIMIT 1,student_club
53,What is the highest amount of budget spend for an event?,SELECT max(spent) FROM budget,SELECT MAX(spent) FROM budget,student_club
54,What is the total amount of money spent for food?,SELECT sum(cost) FROM expense WHERE expense_description LIKE '%Food%',SELECT SUM(spent) FROM budget WHERE category = 'Food',student_club
55,List the name of students that have attended more than 7 events.,"SELECT T1.first_name ,  T1.last_name FROM member AS T1 JOIN attendance AS T2 ON T1.member_id  =  T2.link_to_member GROUP BY T1.member_id HAVING count(T2.link_to_event)  >  7","SELECT T1.first_name, T1.last_name FROM member AS T1 INNER JOIN attendance AS T2 ON T1.member_id = T2.link_to_member GROUP BY T2.link_to_member HAVING COUNT(T2.link_to_event) > 7",student_club
56,Which student has been entrusted to manage the budget for the Yearly Kickoff?,"SELECT DISTINCT T1.first_name ,  T1.last_name FROM member AS T1 JOIN expense AS T2 ON T1.member_id  =  T2.link_to_member JOIN budget AS T3 ON T2.link_to_budget  =  T3.budget_id JOIN event AS T4 ON T3.link_to_event  =  T4.event_id WHERE T4.event_name  =  'Yearly Kickoff'","SELECT T4.first_name, T4.last_name FROM event AS T1 INNER JOIN budget AS T2 ON T1.event_id = T2.link_to_event INNER JOIN expense AS T3 ON T2.budget_id = T3.link_to_budget INNER JOIN member AS T4 ON T3.link_to_member = T4.member_id WHERE T1.event_name = 'Yearly Kickoff'",student_club
57,Which event has the lowest cost?,SELECT T3.event_name FROM expense AS T1 JOIN budget AS T2 ON T1.link_to_budget = T2.budget_id JOIN event AS T3 ON T2.link_to_event = T3.event_id WHERE T1.cost = (SELECT min(cost) FROM expense),SELECT T1.event_name FROM event AS T1 INNER JOIN budget AS T2 ON T1.event_id = T2.link_to_event INNER JOIN expense AS T3 ON T2.budget_id = T3.link_to_budget ORDER BY T3.cost LIMIT 1,student_club
58,"Based on the total cost for all event, what is the percentage of cost for Yearly Kickoff event?",SELECT SUM(CASE WHEN T3.event_name = 'Yearly Kickoff' THEN T1.cost ELSE 0 END) * 100.0 / SUM(T1.cost) FROM expense AS T1 JOIN budget AS T2 ON T1.link_to_budget = T2.budget_id JOIN event AS T3 ON T2.link_to_event = T3.event_id,SELECT CAST(SUM(CASE WHEN T1.event_name = 'Yearly Kickoff' THEN T3.cost ELSE 0 END) AS REAL) * 100 / SUM(T3.cost) FROM event AS T1 INNER JOIN budget AS T2 ON T1.event_id = T2.link_to_event INNER JOIN expense AS T3 ON T2.budget_id = T3.link_to_budget,student_club
59,Indicate the top source of funds received in September 2019 based on their amount.,SELECT source FROM income WHERE date_received BETWEEN '2019-09-01' AND '2019-09-30' GROUP BY source ORDER BY sum(amount) DESC LIMIT 1,SELECT source FROM income WHERE date_received BETWEEN '2019-09-01' and '2019-09-30' ORDER BY source DESC LIMIT 1,student_club
60,How many members of the Student_Club have major in 'Physics Teaching'?,SELECT count(T1.member_id) FROM member AS T1 JOIN major AS T2 ON T1.link_to_major = T2.major_id WHERE T2.major_name = 'Physics Teaching',SELECT COUNT(T2.member_id) FROM major AS T1 INNER JOIN member AS T2 ON T1.major_id = T2.link_to_major WHERE T1.major_name = 'Physics Teaching',student_club
61,Name the event with the highest amount spent on advertisement.,SELECT T1.event_name FROM event AS T1 JOIN budget AS T2 ON T1.event_id = T2.link_to_event WHERE T2.category = 'Advertisement' ORDER BY T2.spent DESC LIMIT 1,SELECT T2.event_name FROM budget AS T1 INNER JOIN event AS T2 ON T1.link_to_event = T2.event_id WHERE T1.category = 'Advertisement' ORDER BY T1.spent DESC LIMIT 1,student_club
62,Did Maya Mclean attend the 'Women's Soccer' event?,SELECT COUNT(*) FROM member AS T1 JOIN attendance AS T2 ON T1.member_id = T2.link_to_member JOIN event AS T3 ON T2.link_to_event = T3.event_id WHERE T1.first_name = 'Maya' AND T1.last_name = 'Mclean' AND T3.event_name = 'Women''s Soccer',SELECT CASE WHEN T3.event_name = 'Women''s Soccer' THEN 'YES' END AS result FROM member AS T1 INNER JOIN attendance AS T2 ON T1.member_id = T2.link_to_member INNER JOIN event AS T3 ON T2.link_to_event = T3.event_id WHERE T1.first_name = 'Maya' AND T1.last_name = 'Mclean',student_club
63,Indicate the cost of posters for 'September Speaker' event.,SELECT T1.cost FROM expense AS T1 JOIN budget AS T2 ON T1.link_to_budget = T2.budget_id JOIN event AS T3 ON T2.link_to_event = T3.event_id WHERE T1.expense_description LIKE '%Posters%' AND T3.event_name = 'September Speaker',SELECT T3.cost FROM event AS T1 INNER JOIN budget AS T2 ON T1.event_id = T2.link_to_event INNER JOIN expense AS T3 ON T2.budget_id = T3.link_to_budget WHERE T1.event_name = 'September Speaker' AND T3.expense_description = 'Posters',student_club
64,Indicate the name of the closed event whose cost has exceeded the budget the most.,SELECT T1.event_name FROM event AS T1 JOIN budget AS T2 ON T1.event_id = T2.link_to_event JOIN expense AS T3 ON T2.budget_id = T3.link_to_budget WHERE T1.status = 'Closed' GROUP BY T1.event_id ORDER BY SUM(T3.cost) - T2.amount DESC LIMIT 1,SELECT T2.event_name FROM budget AS T1 INNER JOIN event AS T2 ON T2.event_id = T1.link_to_event WHERE T1.event_status = 'Closed' AND T1.remaining < 0 ORDER BY T1.remaining LIMIT 1,student_club
65,Identify the type of expenses and their total value approved for 'October Meeting' event.,"SELECT T1.expense_description ,  sum(T1.cost) FROM expense AS T1 JOIN budget AS T2 ON T1.link_to_budget  =  T2.budget_id JOIN event AS T3 ON T2.link_to_event  =  T3.event_id WHERE T3.event_name  =  'October Meeting' AND T1.approved  =  'true' GROUP BY T1.expense_description","SELECT T1.type, SUM(T3.cost) FROM event AS T1 INNER JOIN budget AS T2 ON T1.event_id = T2.link_to_event INNER JOIN expense AS T3 ON T2.budget_id = T3.link_to_budget WHERE T1.event_name = 'October Meeting'",student_club
66,Calculate the amount budgeted for 'April Speaker' event. List all the budgeted categories for said event in an ascending order based on their amount budgeted.,"SELECT T1.category ,  T1.amount FROM budget AS T1 JOIN event AS T2 ON T1.link_to_event  =  T2.event_id WHERE T2.event_name  =  'April Speaker' ORDER BY T1.amount ASC","SELECT T2.category, SUM(T2.amount) FROM event AS T1 JOIN budget AS T2 ON T1.event_id = T2.link_to_event WHERE T1.event_name = 'April Speaker' GROUP BY T2.category ORDER BY SUM(T2.amount) ASC",student_club
67,Mention the total expense used on 8/20/2019.,SELECT sum(cost) FROM expense WHERE expense_date = '2019-08-20',SELECT SUM(cost) FROM expense WHERE expense_date = '2019-08-20',student_club
68,"List out the full name and total cost that member id ""rec4BLdZHS2Blfp4v"" incurred?","SELECT T1.first_name ,  T1.last_name ,  sum(T2.cost) FROM member AS T1 JOIN expense AS T2 ON T1.member_id  =  T2.link_to_member WHERE T1.member_id  =  'rec4BLdZHS2Blfp4v' GROUP BY T1.member_id","SELECT T1.first_name, T1.last_name, SUM(T2.cost) FROM member AS T1 INNER JOIN expense AS T2 ON T1.member_id = T2.link_to_member WHERE T1.member_id = 'rec4BLdZHS2Blfp4v'",student_club
69,State what kind of expenses that Sacha Harrison incurred?,SELECT T1.expense_description FROM expense AS T1 JOIN member AS T2 ON T1.link_to_member = T2.member_id WHERE T2.first_name = 'Sacha' AND T2.last_name = 'Harrison',SELECT T2.expense_description FROM member AS T1 INNER JOIN expense AS T2 ON T1.member_id = T2.link_to_member WHERE T1.first_name = 'Sacha' AND T1.last_name = 'Harrison',student_club
70,State the category of events were held at MU 215.,SELECT DISTINCT T1.category FROM budget AS T1 JOIN event AS T2 ON T1.link_to_event = T2.event_id WHERE T2.location = 'MU 215',SELECT DISTINCT T2.category FROM event AS T1 INNER JOIN budget AS T2 ON T1.event_id = T2.link_to_event WHERE T1.location = 'MU 215',student_club
71,List the last name of members with a major in environmental engineering and include its department and college name.,"SELECT T1.last_name ,  T2.department ,  T2.college FROM member AS T1 JOIN major AS T2 ON T1.link_to_major  =  T2.major_id WHERE T2.major_name  =  'Environmental Engineering'","SELECT T2.last_name, T1.department, T1.college FROM major AS T1 INNER JOIN member AS T2 ON T1.major_id = T2.link_to_major WHERE T2.position = 'Member' AND T1.major_name = 'Environmental Engineering'",student_club
72,What are the budget category of the events located at MU 215 and a guest speaker type with a 0 budget spent?,SELECT DISTINCT T1.category FROM budget AS T1 JOIN event AS T2 ON T1.link_to_event = T2.event_id WHERE T2.location = 'MU 215' AND T2.type = 'guest speaker' AND T1.spent = 0,"SELECT DISTINCT T2.category, T1.type FROM event AS T1 INNER JOIN budget AS T2 ON T1.event_id = T2.link_to_event WHERE T1.location = 'MU 215' AND T2.spent = 0 AND T1.type = 'Guest Speaker'",student_club
73,"Among the members with t-shirt size of medium, what is the percentage of the amount 50 received by the Student_Club?",SELECT CAST(COUNT(DISTINCT T1.member_id) AS REAL) * 100 / (   SELECT COUNT(DISTINCT member_id) FROM member WHERE t_shirt_size = 'Medium' ) FROM member AS T1 JOIN income AS T2 ON T1.member_id  =  T2.link_to_member WHERE T1.t_shirt_size  =  'Medium' AND T2.amount  =  50 AND T2.source  =  'Student_Club',SELECT CAST(SUM(CASE WHEN T2.amount = 50 THEN 1.0 ELSE 0 END) AS REAL) * 100 / COUNT(T2.income_id) FROM member AS T1 INNER JOIN income AS T2 ON T1.member_id = T2.link_to_member WHERE T1.position = 'Member' AND T1.t_shirt_size = 'Medium',student_club
74,"List the names of closed event as ""game"" that was closed from 3/15/2019 to 3/20/2020.",SELECT event_name FROM event WHERE status = 'Closed' AND type = 'Game' AND event_date BETWEEN '2019-03-15' AND '2020-03-20',"SELECT DISTINCT event_name FROM event WHERE type = 'Game' AND date(SUBSTR(event_date, 1, 10)) BETWEEN '2019-03-15' AND '2020-03-20' AND status = 'Closed'",student_club
75,Give the full name and contact number of members who had to spend more than average on each expense.,"SELECT DISTINCT T1.first_name, T1.last_name, T1.phone FROM member AS T1 JOIN expense AS T2 ON T1.member_id = T2.link_to_member WHERE T2.cost > (SELECT avg(cost) FROM expense)","SELECT DISTINCT T3.first_name, T3.last_name, T3.phone FROM expense AS T1 INNER JOIN budget AS T2 ON T1.link_to_budget = T2.budget_id INNER JOIN member AS T3 ON T3.member_id = T1.link_to_member WHERE T1.cost > ( SELECT AVG(T1.cost) FROM expense AS T1 INNER JOIN budget AS T2 ON T1.link_to_budget = T2.budget_id INNER JOIN member AS T3 ON T3.member_id = T1.link_to_member )",student_club
76,"Write the full name of the member who spent money for water, veggie tray and supplies and include the cost of it.","SELECT T1.first_name, T1.last_name, T2.cost FROM member AS T1 JOIN expense AS T2 ON T1.member_id = T2.link_to_member WHERE T2.expense_description LIKE '%water%' OR T2.expense_description LIKE '%veggie tray%' OR T2.expense_description LIKE '%supplies%'","SELECT T2.first_name, T2.last_name, T1.cost FROM expense AS T1 INNER JOIN member AS T2 ON T1.link_to_member = T2.member_id WHERE T1.expense_description = 'Water, Veggie tray, supplies'",student_club
77,Write the full names of students who received funds on the date of 9/9/2019 and include the amount received.,"SELECT T1.first_name ,  T1.last_name ,  T2.amount FROM member AS T1 JOIN income AS T2 ON T1.member_id  =  T2.link_to_member WHERE T2.date_received  =  '2019-09-09'","SELECT DISTINCT T3.first_name, T3.last_name, T4.amount FROM event AS T1 INNER JOIN attendance AS T2 ON T1.event_id = T2.link_to_event INNER JOIN member AS T3 ON T3.member_id = T2.link_to_member INNER JOIN income AS T4 ON T4.link_to_member = T3.member_id WHERE T4.date_received = '2019-09-09'",student_club
78,Are there more in-patient or outpatient who were male? What is the deviation in percentage?,"SELECT Admission , count(*) FROM Patient WHERE SEX = 'M' GROUP BY Admission",SELECT CAST(SUM(CASE WHEN Admission = '+' THEN 1 ELSE 0 END) AS REAL) * 100 / SUM(CASE WHEN Admission = '-' THEN 1 ELSE 0 END) FROM Patient WHERE SEX = 'M',thrombosis_prediction
79,What is the percentage of female patient were born after 1930?,"SELECT CAST(SUM(CASE WHEN STRFTIME('%Y', Birthday) > '1930' THEN 1 ELSE 0 END) AS REAL) * 100 / COUNT(ID) FROM Patient WHERE SEX  =  'F'","SELECT CAST(SUM(CASE WHEN STRFTIME('%Y', Birthday) > '1930' THEN 1 ELSE 0 END) AS REAL) * 100 / COUNT(*) FROM Patient WHERE SEX = 'F'",thrombosis_prediction
80,What is the ratio of outpatient to inpatient followed up treatment among all the 'SLE' diagnosed patient?,SELECT CAST(SUM(CASE WHEN Admission  =  '-' THEN 1 ELSE 0 END) AS REAL) / SUM(CASE WHEN Admission  =  '+' THEN 1 ELSE 0 END) FROM Patient WHERE Diagnosis  =  'SLE',SELECT SUM(CASE WHEN Admission = '+' THEN 1.0 ELSE 0 END) / SUM(CASE WHEN Admission = '-' THEN 1 ELSE 0 END) FROM Patient WHERE Diagnosis = 'SLE',thrombosis_prediction
81,What is the disease patient '30609' diagnosed with. List all the date of laboratory tests done for this patient.,"SELECT T1.Diagnosis , T2.Date FROM Patient AS T1 JOIN Laboratory AS T2 ON T1.ID = T2.ID WHERE T1.ID = 30609","SELECT T1.Diagnosis, T2.Date FROM Patient AS T1 INNER JOIN Laboratory AS T2 ON T1.ID = T2.ID WHERE T1.ID = 30609",thrombosis_prediction
82,"List the patient ID, sex and birthday of patient with LDH beyond normal range.","The provided SQL query attempts to filter for patients with LDH values. However, the question asks for patients with LDH ""beyond normal range"". The definition of ""normal range"" for LDH is not provided in the table schemas or the question itself.","SELECT DISTINCT T1.ID, T1.SEX, T1.Birthday FROM Patient AS T1 INNER JOIN Laboratory AS T2 ON T1.ID = T2.ID WHERE T2.LDH > 500",thrombosis_prediction
83,State the ID and age of patient with positive degree of coagulation.,"SELECT DISTINCT T1.ID ,  (STRFTIME('%Y', 'now') - STRFTIME('%Y', T1.Birthday)) FROM Patient AS T1 JOIN Examination AS T2 ON T1.ID  =  T2.ID WHERE T2.Thrombosis  =  1","SELECT DISTINCT T1.ID, STRFTIME('%Y', CURRENT_TIMESTAMP) - STRFTIME('%Y', T1.Birthday) FROM Patient AS T1 INNER JOIN Examination AS T2 ON T1.ID = T2.ID WHERE T2.RVVT = '+'",thrombosis_prediction
84,"For patients with severe degree of thrombosis, list their ID, sex and disease the patient is diagnosed with.","SELECT T1.ID ,  T1.SEX ,  T1.Diagnosis FROM Patient AS T1 JOIN Examination AS T2 ON T1.ID  =  T2.ID WHERE T2.Thrombosis  =  1","SELECT DISTINCT T1.ID, T1.SEX, T1.Diagnosis FROM Patient AS T1 INNER JOIN Examination AS T2 ON T1.ID = T2.ID WHERE T2.Thrombosis = 2",thrombosis_prediction
85,How many female patients who came at the hospital in 1997 was immediately followed at the outpatient clinic?,"SELECT COUNT(DISTINCT T1.ID) FROM Patient AS T1 WHERE T1.SEX  =  'F' AND strftime('%Y', T1.""First Date"")  =  '1997' AND (EXISTS (SELECT 1 FROM Examination AS T2 WHERE T1.ID  =  T2.ID AND T1.""First Date""  =  T2.""Examination Date"") OR EXISTS (SELECT 1 FROM Laboratory AS T3 WHERE T1.ID  =  T3.ID AND T1.""First Date""  =  T3.Date))","SELECT COUNT(*) FROM Patient WHERE STRFTIME('%Y', Description) = '1997' AND SEX = 'F' AND Admission = '-'",thrombosis_prediction
86,How many of the patients with the most serious thrombosis cases examined in 1997 are women?,"SELECT COUNT(DISTINCT T1.ID) FROM Patient AS T1 JOIN Examination AS T2 ON T1.ID = T2.ID WHERE T2.Thrombosis = (SELECT MAX(Thrombosis) FROM Examination) AND strftime('%Y', T2.""Examination Date"") = '1997' AND T1.SEX = 'F'","SELECT  COUNT(*) FROM Patient AS T1 INNER JOIN Examination AS T2 ON T1.ID = T2.ID WHERE T1.SEX = 'F' AND STRFTIME('%Y', T2.`Examination Date`) = '1997' AND T2.Thrombosis = 1",thrombosis_prediction
87,What are the symptoms observed by the youngest patient to ever did a medical examination? Identify their diagnosis.,"SELECT T1.Symptoms , T1.Diagnosis FROM Examination AS T1 JOIN Patient AS T2 ON T1.ID = T2.ID WHERE T2.Birthday = (SELECT max(Birthday) FROM Patient)","SELECT T2.Symptoms, T1.Diagnosis FROM Patient AS T1 INNER JOIN Examination AS T2 ON T1.ID = T2.ID WHERE T2.Symptoms IS NOT NULL ORDER BY T1.Birthday DESC LIMIT 1",thrombosis_prediction
88,"The oldest SJS patient's medical laboratory work was completed on what date, and what age was the patient when they initially arrived at the hospital?","SELECT min(T2.Date) ,  (STRFTIME('%Y', T1.`First Date`) - STRFTIME('%Y', T1.Birthday)) - (STRFTIME('%m%d', T1.`First Date`) < STRFTIME('%m%d', T1.Birthday)) FROM Patient AS T1 JOIN Laboratory AS T2 ON T1.ID  =  T2.ID WHERE T1.Diagnosis LIKE '%SJS%' GROUP BY T1.ID ORDER BY T1.Birthday ASC LIMIT 1","SELECT T1.Date, STRFTIME('%Y', T2.`First Date`) - STRFTIME('%Y', T2.Birthday),T2.Birthday FROM Laboratory AS T1 INNER JOIN Patient AS T2 ON T1.ID = T2.ID WHERE T2.Diagnosis = 'SJS' AND T2.Birthday IS NOT NULL ORDER BY T2.Birthday ASC LIMIT 1",thrombosis_prediction
89,What is the ratio of male to female patients among all those with abnormal uric acid counts?,SELECT CAST(SUM(CASE WHEN T2.SEX = 'M' THEN 1 ELSE 0 END) AS REAL) / SUM(CASE WHEN T2.SEX = 'F' THEN 1 ELSE 0 END) FROM (SELECT DISTINCT ID FROM Laboratory WHERE UA IS NOT NULL) AS T1 JOIN Patient AS T2 ON T1.ID = T2.ID,SELECT CAST(SUM(CASE WHEN T2.UA <= 8.0 AND T1.SEX = 'M' THEN 1 ELSE 0 END) AS REAL) / SUM(CASE WHEN T2.UA <= 6.5 AND T1.SEX = 'F' THEN 1 ELSE 0 END) FROM Patient AS T1 INNER JOIN Laboratory AS T2 ON T1.ID = T2.ID,thrombosis_prediction
90,How many underage patients were examined during the course of the three-year period from 1990 to 1993?,"SELECT count(DISTINCT T1.ID) FROM Patient AS T1 JOIN Examination AS T2 ON T1.ID  =  T2.ID WHERE T2.'Examination Date' BETWEEN '1990-01-01' AND '1993-12-31' AND ((strftime('%Y', T2.'Examination Date') - strftime('%Y', T1.Birthday)) - (strftime('%m-%d', T2.'Examination Date') < strftime('%m-%d', T1.Birthday))) < 18","SELECT COUNT(T1.ID) FROM Patient AS T1 INNER JOIN Examination AS T2 ON T1.ID = T2.ID WHERE STRFTIME('%Y', T2.`Examination Date`) BETWEEN '1990' AND '1993' AND STRFTIME('%Y', T2.`Examination Date`) - STRFTIME('%Y', T1.Birthday) < 18",thrombosis_prediction
91,"How old was the patient who had the highest hemoglobin count at the time of the examination, and what is the doctor's diagnosis?","SELECT STRFTIME('%Y', T2.""Examination Date"") - STRFTIME('%Y', T1.Birthday) AS Age, T2.Diagnosis FROM Patient AS T1 JOIN Examination AS T2 ON T1.ID = T2.ID WHERE T1.ID IN (SELECT ID FROM Laboratory WHERE HGB = (SELECT MAX(HGB) FROM Laboratory))","SELECT STRFTIME('%Y', T2.Date) - STRFTIME('%Y', T1.Birthday), T1.Diagnosis FROM Patient AS T1 INNER JOIN Laboratory AS T2 ON T1.ID = T2.ID ORDER BY T2.HGB DESC LIMIT 1",thrombosis_prediction
92,"For the patient who was diagnosed with SLE on 1994/2/19, what was his/her anti-Cardiolipin antibody concentration status on 1993/11/12?","SELECT ""aCL IgG"" ,  ""aCL IgM"" ,  ""aCL IgA"" FROM Examination WHERE ID IN ( SELECT ID FROM Examination WHERE Diagnosis  =  'SLE' AND ""Examination Date""  =  '1994-02-19' ) AND ""Examination Date""  =  '1993-11-12'","SELECT `aCL IgA`, `aCL IgG`, `aCL IgM` FROM Examination WHERE ID IN ( SELECT ID FROM Patient WHERE Diagnosis = 'SLE' AND Description = '1994-02-19' ) AND `Examination Date` = '1993-11-12'",thrombosis_prediction
93,"For the patient who was born on 1959/2/18, what is the decrease rate for his/her total cholesterol from November to December in 1981?","WITH PatientID AS (   SELECT     ID   FROM Patient   WHERE     Birthday = '1959-02-18' ), TCHONov AS (   SELECT     T_CHO   FROM Laboratory   WHERE     ID = (       SELECT         ID       FROM PatientID     ) AND STRFTIME('%Y', Date) = '1981' AND STRFTIME('%m', Date) = '11'   ORDER BY     Date DESC   LIMIT 1 ), TCHODec AS (   SELECT     T_CHO   FROM Laboratory   WHERE     ID = (       SELECT         ID       FROM PatientID     ) AND STRFTIME('%Y', Date) = '1981' AND STRFTIME('%m', Date) = '12'   ORDER BY     Date DESC   LIMIT 1 ) SELECT   (T1.T_CHO - T2.T_CHO) * 1.0 / T1.T_CHO FROM TCHONov AS T1, TCHODec AS T2 WHERE   T1.T_CHO IS NOT NULL AND T2.T_CHO IS NOT NULL AND T1.T_CHO != 0",SELECT CAST((SUM(CASE WHEN T2.Date LIKE '1981-11-%' THEN T2.`T-CHO` ELSE 0 END) - SUM(CASE WHEN T2.Date LIKE '1981-12-%' THEN T2.`T-CHO` ELSE 0 END)) AS REAL) / SUM(CASE WHEN T2.Date LIKE '1981-12-%' THEN T2.`T-CHO` ELSE 0 END) FROM Patient AS T1 INNER JOIN Laboratory AS T2 ON T1.ID = T2.ID WHERE T1.Birthday = '1959-02-18',thrombosis_prediction
94,How many patients who were examined between 1987/7/6 and 1996/1/31 had a GPT level greater than 30 and an ALB level less than 4? List them by their ID.,SELECT count(DISTINCT T1.ID) FROM Patient AS T1 JOIN Examination AS T2 ON T1.ID = T2.ID JOIN Laboratory AS T3 ON T1.ID = T3.ID WHERE T2.`Examination Date` BETWEEN '1987-07-06' AND '1996-01-31' AND T3.GPT > 30 AND T3.ALB < 4,SELECT DISTINCT ID FROM Laboratory WHERE Date BETWEEN '1987-07-06' AND '1996-01-31' AND GPT > 30 AND ALB < 4,thrombosis_prediction
95,"What number of patients with a degree of thrombosis level 2 and ANA pattern of only S, have a level of anti-Cardiolip in antibody (IgM) 20% higher than average?","SELECT count(DISTINCT ID) FROM Examination WHERE Thrombosis  =  2 AND ""ANA Pattern""  =  'S' AND ""aCL IgM""  >  (1.2 * (SELECT avg(""aCL IgM"") FROM Examination))",SELECT COUNT(*) FROM Examination WHERE Thrombosis = 2 AND `ANA Pattern` = 'S' AND `aCL IgM` > (SELECT AVG(`aCL IgM`) * 1.2 FROM Examination WHERE Thrombosis = 2 AND `ANA Pattern` = 'S'),thrombosis_prediction
96,List all patients who were followed up at the outpatient clinic who underwent a laboratory test in October 1991 and had a total blood bilirubin level within the normal range.,"SELECT DISTINCT T1.ID FROM Patient AS T1 JOIN Laboratory AS T2 ON T1.ID = T2.ID WHERE STRFTIME('%Y-%m', T2.Date) = '1991-10' AND T2.`T-BIL` IS NOT NULL",SELECT DISTINCT T1.ID FROM Patient AS T1 INNER JOIN Laboratory AS T2 ON T1.ID = T2.ID WHERE T1.Admission = '-' AND T2.`T-BIL` < 2.0 AND T2.Date LIKE '1991-10-%',thrombosis_prediction
97,What is the average blood albumin level for female patients with a PLT greater than 400 who have been diagnosed with SLE?,SELECT avg(T1.ALB) FROM Laboratory AS T1 JOIN Patient AS T2 ON T1.ID = T2.ID WHERE T2.SEX = 'F' AND T1.PLT > 400 AND T2.Diagnosis = 'SLE',SELECT AVG(T2.ALB) FROM Patient AS T1 INNER JOIN Laboratory AS T2 ON T1.ID = T2.ID WHERE T2.PLT > 400 AND T1.Diagnosis = 'SLE' AND T1.SEX = 'F',thrombosis_prediction
98,How many female patients were given an APS diagnosis?,SELECT count(DISTINCT T1.ID) FROM Patient AS T1 JOIN Examination AS T2 ON T1.ID  =  T2.ID WHERE T1.SEX  =  'F' AND T2.Diagnosis  =  'APS',SELECT COUNT(ID) FROM Patient WHERE SEX = 'F' AND Diagnosis = 'APS',thrombosis_prediction
99,What percentage of patients who were born in 1980 and were diagnosed with RA are women?,"SELECT CAST(COUNT(DISTINCT CASE WHEN T1.SEX = 'F' THEN T1.ID ELSE NULL END) AS REAL) * 100.0 / COUNT(DISTINCT T1.ID) FROM Patient AS T1 JOIN Examination AS T2 ON T1.ID = T2.ID WHERE SUBSTR(T1.Birthday, 1, 4) = '1980' AND T2.Diagnosis LIKE '%RA%'","SELECT CAST(SUM(CASE WHEN SEX = 'F' THEN 1 ELSE 0 END) AS REAL) * 100 / COUNT(ID) FROM Patient WHERE Diagnosis = 'RA' AND STRFTIME('%Y', Birthday) = '1980'",thrombosis_prediction
100,Was the patient with the number 57266's uric acid within a normal range?,SELECT UA FROM Laboratory WHERE ID = 57266,SELECT CASE WHEN (T1.SEX = 'F' AND T2.UA > 6.5) OR (T1.SEX = 'M' AND T2.UA > 8.0) THEN true ELSE false END FROM Patient AS T1 INNER JOIN Laboratory AS T2 ON T1.ID = T2.ID WHERE T1.ID = 57266,thrombosis_prediction
101,Provide IDs for male patients with ALT glutamic pylvic transaminase (GPT) that have history of ALT glutamic pylvic transaminase (GPT) exceed the normal range.,SELECT DISTINCT T1.ID FROM Patient AS T1 JOIN Laboratory AS T2 ON T1.ID = T2.ID WHERE T1.SEX = 'M' AND T2.GPT > 40,SELECT DISTINCT T1.ID FROM Patient AS T1 INNER JOIN Laboratory AS T2 ON T1.ID = T2.ID WHERE T1.SEX = 'M' AND T2.GPT >= 60,thrombosis_prediction
102,Please provide the diagnosis of patients with ALT glutamic pylvic transaminase beyond the normal range by ascending order of their date of birth.,SELECT T1.Diagnosis FROM Patient AS T1 JOIN Laboratory AS T2 ON T1.ID = T2.ID WHERE T2.GPT IS NOT NULL ORDER BY T1.Birthday ASC,SELECT DISTINCT T1.Diagnosis FROM Patient AS T1 INNER JOIN Laboratory AS T2 ON T1.ID = T2.ID WHERE T2.GPT > 60 ORDER BY T1.Birthday ASC,thrombosis_prediction
103,"Provide all ID, sex and birthday of patients whose urea nitrogen (UN) just within the borderline of passing?","SELECT T1.ID ,  T1.SEX ,  T1.Birthday FROM Patient AS T1 JOIN Laboratory AS T2 ON T1.ID  =  T2.ID WHERE T2.UN IS NOT NULL GROUP BY T1.ID ORDER BY MAX(T2.UN) DESC","SELECT DISTINCT T1.ID, T1.SEX, T1.Birthday FROM Patient AS T1 INNER JOIN Laboratory AS T2 ON T1.ID = T2.ID WHERE T2.UN = 29",thrombosis_prediction
104,List and group all patients by sex for total bilirubin (T-BIL) level not within the normal range.,"SELECT T1.SEX ,  count(DISTINCT T1.ID) FROM Patient AS T1 JOIN Laboratory AS T2 ON T1.ID  =  T2.ID WHERE T2.`T-BIL` < 0.2 OR T2.`T-BIL` > 1.2 GROUP BY T1.SEX","SELECT T1.ID,T1.SEX FROM Patient AS T1 INNER JOIN Laboratory AS T2 ON T1.ID = T2.ID WHERE T2.`T-BIL` >= 2.0 GROUP BY T1.SEX,T1.ID",thrombosis_prediction
105,What is the average age of the male patient with high cholesterol?,"SELECT avg((STRFTIME('%Y', 'now') - STRFTIME('%Y', T1.Birthday)) - (STRFTIME('%m-%d', 'now') < STRFTIME('%m-%d', T1.Birthday))) FROM Patient AS T1 JOIN Laboratory AS T2 ON T1.ID  =  T2.ID WHERE T1.SEX  =  'M' AND T2.'T-CHO' IS NOT NULL","SELECT AVG(STRFTIME('%Y', date('NOW')) - STRFTIME('%Y', T1.Birthday)) FROM Patient AS T1 INNER JOIN Laboratory AS T2 ON T1.ID = T2.ID WHERE T2.`T-CHO` >= 250 AND T1.SEX = 'M'",thrombosis_prediction
106,"For all patients with triglyceride (TG) level beyond the normal range, how many are age more than 50 years?","SELECT count(DISTINCT T1.ID) FROM Patient AS T1 JOIN Laboratory AS T2 ON T1.ID  =  T2.ID WHERE T2.TG IS NOT NULL AND (CAST(strftime('%Y', 'now') AS INTEGER) - CAST(strftime('%Y', T1.Birthday) AS INTEGER))  >  50","SELECT COUNT(DISTINCT T1.ID) FROM Patient AS T1 INNER JOIN Laboratory AS T2 ON T1.ID = T2.ID WHERE T2.TG >= 200 AND STRFTIME('%Y', CURRENT_TIMESTAMP) - STRFTIME('%Y', T1.Birthday) > 50",thrombosis_prediction
107,"For patient born between 1936-1956, how many male patients have creatinine phosphokinase beyond the normal range?","SELECT count(DISTINCT T1.ID) FROM Patient AS T1 JOIN Laboratory AS T2 ON T1.ID  =  T2.ID WHERE T1.SEX  =  'M' AND strftime('%Y', T1.Birthday) BETWEEN '1936' AND '1956' AND T2.CPK IS NOT NULL","SELECT COUNT(DISTINCT T1.ID) FROM Patient AS T1 INNER JOIN Laboratory AS T2 ON T1.ID = T2.ID WHERE STRFTIME('%Y', T1.Birthday) BETWEEN '1936' AND '1956' AND T1.SEX = 'M' AND T2.CPK >= 250",thrombosis_prediction
108,"Provide ID, sex and age of patient who has blood glucose (GLU) not within normal range but with total cholesterol(T-CHO) within normal range.","SELECT DISTINCT T1.ID ,  T1.SEX ,  (strftime('%Y', 'now') - strftime('%Y', T1.Birthday)) AS Age FROM Patient AS T1 JOIN Laboratory AS T2 ON T1.ID  =  T2.ID WHERE (T2.GLU < 70 OR T2.GLU > 100) AND T2.""T-CHO"" < 200","SELECT DISTINCT T1.ID, T1.SEX , STRFTIME('%Y', CURRENT_TIMESTAMP) - STRFTIME('%Y', T1.Birthday) FROM Patient AS T1 INNER JOIN Laboratory AS T2 ON T1.ID = T2.ID WHERE T2.GLU >= 180 AND T2.`T-CHO` < 250",thrombosis_prediction
109,What are the patient's diagnosis for those who has lower red blood blood cell? State their ID and age.,"SELECT T1.Diagnosis ,  T1.ID ,  (STRFTIME('%Y', 'now') - STRFTIME('%Y', T1.Birthday)) AS Age FROM Patient AS T1 JOIN Laboratory AS T2 ON T1.ID  =  T2.ID WHERE T2.RBC  <  (SELECT avg(RBC) FROM Laboratory) GROUP BY T1.ID","SELECT DISTINCT T1.Diagnosis, T1.ID , STRFTIME('%Y', CURRENT_TIMESTAMP) -STRFTIME('%Y', T1.Birthday) FROM Patient AS T1 INNER JOIN Laboratory AS T2 ON T1.ID = T2.ID WHERE T2.RBC < 3.5",thrombosis_prediction
110,"Among the patients who were diagnosed with SLE, who is the oldest with normal hemoglobin level. Provide the ID and sex.","SELECT T1.ID ,  T1.SEX FROM Patient AS T1 JOIN Laboratory AS T2 ON T1.ID  =  T2.ID WHERE T1.Diagnosis  =  'SLE' AND T2.HGB  >=  12 ORDER BY T1.Birthday ASC LIMIT 1","SELECT T1.ID, T1.SEX FROM Patient AS T1 INNER JOIN Laboratory AS T2 ON T1.ID = T2.ID WHERE T1.Diagnosis = 'SLE' AND T2.HGB > 10 AND T2.HGB < 17 ORDER BY T1.Birthday ASC LIMIT 1",thrombosis_prediction
111,Name the ID and age of patient with two or more laboratory examinations which show their hematoclit level exceeded the normal range.,"SELECT T1.ID, (STRFTIME('%Y', 'now') - STRFTIME('%Y', T1.Birthday)) FROM Patient AS T1 JOIN Laboratory AS T2 ON T1.ID = T2.ID WHERE T2.HCT > 50 GROUP BY T1.ID HAVING COUNT(T2.ID) >= 2","SELECT DISTINCT T1.ID, STRFTIME('%Y', CURRENT_TIMESTAMP) - STRFTIME('%Y', T1.Birthday) FROM Patient AS T1 INNER JOIN Laboratory AS T2 ON T1.ID = T2.ID WHERE T1.ID IN ( SELECT ID FROM Laboratory WHERE HCT >= 52 GROUP BY ID HAVING COUNT(ID) >= 2 )",thrombosis_prediction
112,"For patients with abnormal platelet level, state the number of patients with lower than normal range. How is it compare to the number of patients with higher than normal range?","SELECT COUNT(DISTINCT CASE WHEN PLT < 150 THEN ID ELSE NULL END), COUNT(DISTINCT CASE WHEN PLT > 450 THEN ID ELSE NULL END) FROM Laboratory",SELECT SUM(CASE WHEN T2.PLT <= 100 THEN 1 ELSE 0 END) - SUM(CASE WHEN T2.PLT >= 400 THEN 1 ELSE 0 END) FROM Patient AS T1 INNER JOIN Laboratory AS T2 ON T1.ID = T2.ID,thrombosis_prediction
113,"For laboratory examinations take in 1984, list all patients below 50 years old with normal platelet level.","SELECT DISTINCT T1.ID FROM Patient AS T1 JOIN Laboratory AS T2 ON T1.ID  =  T2.ID WHERE strftime('%Y', T2.Date)  =  '1984' AND (1984 - CAST(strftime('%Y', T1.Birthday) AS INTEGER))  <  50 AND T2.PLT IS NOT NULL","SELECT DISTINCT T1.ID FROM Patient AS T1 INNER JOIN Laboratory AS T2 ON T1.ID = T2.ID WHERE T2.PLT BETWEEN 100 AND 400 AND STRFTIME('%Y', T2.Date) - STRFTIME('%Y', T1.Birthday) < 50 AND STRFTIME('%Y', T2.Date) = '1984'",thrombosis_prediction
114,"For all patients who are older than 55 years old, what is the percentage of female who has abnormal prothrombin time (PT)?",The given SQL query has two main issues:,"SELECT CAST(SUM(CASE WHEN T2.PT >= 14 AND T1.SEX = 'F' THEN 1 ELSE 0 END) AS REAL) * 100 / COUNT(CASE WHEN T2.PT >= 14 THEN 1 ELSE 0 END) FROM Patient AS T1 INNER JOIN Laboratory AS T2 ON T1.ID = T2.ID WHERE STRFTIME('%Y', CURRENT_TIMESTAMP) - STRFTIME('%Y', T1.Birthday) > 55",thrombosis_prediction
115,"Among the male patients who have a normal level of white blood cells, how many of them have an abnormal fibrinogen level?",SELECT count(DISTINCT T1.ID) FROM Patient AS T1 JOIN Laboratory AS T2 ON T1.ID  =  T2.ID WHERE T1.SEX  =  'M' AND T2.WBC IS NOT NULL AND T2.FG IS NOT NULL,SELECT COUNT(DISTINCT T1.ID) FROM Patient AS T1 INNER JOIN Laboratory AS T2 ON T1.ID = T2.ID WHERE T2.FG <= 150 OR T2.FG >= 450 AND T2.WBC > 3.5 AND T2.WBC < 9.0 AND T1.SEX = 'M',thrombosis_prediction
116,How many patients with an Ig G higher than normal?,SELECT count(DISTINCT T1.ID) FROM Patient AS T1 JOIN Laboratory AS T2 ON T1.ID  =  T2.ID WHERE T2.IGG  >  (SELECT avg(IGG) FROM Laboratory),SELECT COUNT(DISTINCT T1.ID) FROM Patient AS T1 INNER JOIN Laboratory AS T2 ON T1.ID = T2.ID INNER JOIN Examination AS T3 ON T3.ID = T2.ID WHERE T2.IGG >= 2000,thrombosis_prediction
117,"Among the patients with a normal Ig G level, how many of them have symptoms?",SELECT count(DISTINCT T1.ID) FROM Laboratory AS T1 JOIN Examination AS T2 ON T1.ID = T2.ID WHERE T1.IGG IS NOT NULL AND T2.Symptoms IS NOT NULL,SELECT COUNT(T1.ID) FROM Patient AS T1 INNER JOIN Laboratory AS T2 ON T1.ID = T2.ID INNER JOIN Examination AS T3 ON T3.ID = T2.ID WHERE T2.IGG BETWEEN 900 AND 2000 AND T3.Symptoms IS NOT NULL,thrombosis_prediction
118,How many patients with a normal Ig A level came to the hospital after 1990/1/1?,SELECT count(DISTINCT T1.ID) FROM Patient AS T1 JOIN Laboratory AS T2 ON T1.ID  =  T2.ID WHERE T2.IGA IS NOT NULL AND T1.`First Date`  >  '1990-01-01',"SELECT COUNT(T1.ID) FROM Patient AS T1 INNER JOIN Laboratory AS T2 ON T1.ID = T2.ID WHERE T2.IGA BETWEEN 80 AND 500 AND  strftime('%Y',  T1.`First Date`) > '1990'",thrombosis_prediction
119,"For the patients with an abnormal Ig M level, what is the most common disease they are diagnosed with?",SELECT T1.Diagnosis FROM Patient AS T1 JOIN Laboratory AS T2 ON T1.ID = T2.ID WHERE T2.IGM IS NOT NULL GROUP BY T1.Diagnosis ORDER BY count(T1.Diagnosis) DESC LIMIT 1,SELECT T1.Diagnosis FROM Patient AS T1 INNER JOIN Laboratory AS T2 ON T1.ID = T2.ID WHERE T2.IGM NOT BETWEEN 40 AND 400 GROUP BY T1.Diagnosis ORDER BY COUNT(T1.Diagnosis) DESC LIMIT 1,thrombosis_prediction
120,How many patients with a abnormal C-reactive protein don't have their data recorded?,SELECT count(DISTINCT T1.ID) FROM Patient AS T1 JOIN Laboratory AS T2 ON T1.ID = T2.ID WHERE T2.CRP IS NOT NULL AND T2.CRP != '0.6' AND T1.ID NOT IN ( SELECT ID FROM Examination ),SELECT COUNT(T1.ID) FROM Patient AS T1 INNER JOIN Laboratory AS T2 ON T1.ID = T2.ID WHERE (T2.CRP = '+' ) AND T1.Description IS NULL,thrombosis_prediction
121,"Among the patients whose creatinine level is abnormal, how many of them aren't 70 yet?","SELECT count(DISTINCT T1.ID) FROM Patient AS T1 JOIN Laboratory AS T2 ON T1.ID = T2.ID WHERE T2.CRE IS NOT NULL AND T1.Birthday > DATE('now', '-70 years')","SELECT COUNT(DISTINCT T1.ID) FROM Patient AS T1 INNER JOIN Laboratory AS T2 ON T1.ID = T2.ID WHERE T2.CRE >= 1.5 AND STRFTIME('%Y', Date('now')) - STRFTIME('%Y', T1.Birthday) < 70",thrombosis_prediction
122,How many patients have a normal level of anti-ribonuclear protein and have been admitted to the hospital?,SELECT count(DISTINCT T1.ID) FROM Patient AS T1 JOIN Laboratory AS T2 ON T1.ID  =  T2.ID WHERE T2.RNP  =  'normal' AND T1.Admission  =  '+',SELECT COUNT(DISTINCT T1.ID) FROM Patient AS T1 INNER JOIN Laboratory AS T2 ON T1.ID = T2.ID WHERE T2.RNP = 'negative' OR T2.RNP = '0' AND T1.Admission = '+',thrombosis_prediction
123,"Among the patients with normal anti-SM, how many of them does not have thrombosis?",SELECT count(DISTINCT T1.ID) FROM Patient AS T1 JOIN Laboratory AS T2 ON T1.ID  =  T2.ID JOIN Examination AS T3 ON T1.ID  =  T3.ID WHERE T2.SM  =  'normal' AND T3.Thrombosis  =  0,"SELECT COUNT(T1.ID) FROM Examination AS T1 INNER JOIN Laboratory AS T2 ON T1.ID = T2.ID WHERE T2.SM IN ('negative','0') AND T1.Thrombosis = 0",thrombosis_prediction
124,"Among the patients who has a normal anti-scl70, how many of them are female and does not have any symptom?",SELECT count(DISTINCT T1.ID) FROM Patient AS T1 JOIN Laboratory AS T2 ON T1.ID = T2.ID JOIN Examination AS T3 ON T1.ID = T3.ID WHERE T2.SC170 IS NULL AND T1.SEX = 'F' AND T3.Symptoms IS NULL,SELECT COUNT(DISTINCT T1.ID) FROM Patient AS T1 INNER JOIN Laboratory AS T2 ON T1.ID = T2.ID INNER JOIN Examination AS T3 ON T3.ID = T2.ID WHERE (T2.SC170 = 'negative' OR T2.SC170 = '0') AND T1.SEX = 'F' AND T3.Symptoms IS NULL,thrombosis_prediction
125,"Among the patients who has a normal level of anti-centromere and a normal level of anti-SSB, how many of them are male?",SELECT count(DISTINCT T1.ID) FROM Patient AS T1 JOIN Laboratory AS T2 ON T1.ID  =  T2.ID WHERE T1.SEX  =  'M' AND T2.CENTROMEA  =  'normal' AND T2.SSB  =  'normal',"SELECT COUNT(DISTINCT T1.ID) FROM Patient AS T1 INNER JOIN Laboratory AS T2 ON T1.ID = T2.ID WHERE T2.CENTROMEA IN ('negative', '0') AND T2.SSB IN ('negative', '0') AND T1.SEX = 'M'",thrombosis_prediction
126,"Among the patients who have an abnormal level of glutamic oxaloacetic transaminase, when was the youngest of them born?",SELECT max(T1.Birthday) FROM Patient AS T1 JOIN Laboratory AS T2 ON T1.ID = T2.ID WHERE T2.GOT IS NOT NULL,SELECT T1.Birthday FROM Patient AS T1 INNER JOIN Laboratory AS T2 ON T1.ID = T2.ID WHERE T2.GOT >= 60 ORDER BY T1.Birthday DESC LIMIT 1,thrombosis_prediction
127,"For the patients with a normal range of creatinine phosphokinase, how many of them have a positive measure of degree of coagulation?",SELECT count(DISTINCT T1.ID) FROM Patient AS T1 JOIN Laboratory AS T2 ON T1.ID = T2.ID WHERE T2.CPK IS NOT NULL AND (T2.FG > 0 OR T2.PIC > 0 OR T2.TAT > 0 OR T2.TAT2 > 0),SELECT COUNT(T1.ID) FROM Patient AS T1 INNER JOIN Laboratory AS T2 ON T1.ID = T2.ID INNER JOIN Examination AS T3 ON T1.ID = T3.ID WHERE T2.CPK < 250 AND (T3.KCT = '+' OR T3.RVVT = '+' OR T3.LAC = '+'),thrombosis_prediction
128,Give the name of the league had the most goals in the 2016 season?,SELECT T1.name FROM League AS T1 JOIN Match AS T2 ON T1.id = T2.league_id WHERE T2.season = '2016/2017' GROUP BY T1.name ORDER BY sum(T2.home_team_goal + T2.away_team_goal) DESC LIMIT 1,SELECT t2.name FROM Match AS t1 INNER JOIN League AS t2 ON t1.league_id = t2.id WHERE t1.season = '2015/2016' GROUP BY t2.name ORDER BY SUM(t1.home_team_goal + t1.away_team_goal) DESC LIMIT 1,european_football_2
129,"In Scotland Premier League, which away team won the most during the 2010 season?",SELECT T3.team_long_name FROM Country AS T1 JOIN League AS T2 ON T1.id  =  T2.country_id JOIN Match AS T4 ON T2.id  =  T4.league_id JOIN Team AS T3 ON T4.away_team_api_id  =  T3.team_api_id WHERE T1.name  =  'Scotland' AND T2.name  =  'Scotland Premier League' AND T4.season  =  '2010/2011' AND T4.away_team_goal  >  T4.home_team_goal GROUP BY T3.team_long_name ORDER BY count(*) DESC LIMIT 1,SELECT teamInfo.team_long_name FROM League AS leagueData INNER JOIN Match AS matchData ON leagueData.id = matchData.league_id INNER JOIN Team AS teamInfo ON matchData.away_team_api_id = teamInfo.team_api_id WHERE leagueData.name = 'Scotland Premier League' AND matchData.season = '2009/2010' AND matchData.away_team_goal - matchData.home_team_goal > 0 GROUP BY matchData.away_team_api_id ORDER BY COUNT(*) DESC LIMIT 1,european_football_2
130,What are the speed in which attacks are put together of the top 4 teams with the highest build Up Play Speed?,SELECT buildUpPlaySpeed FROM Team_Attributes ORDER BY buildUpPlaySpeed DESC LIMIT 4,SELECT t1.buildUpPlaySpeed FROM Team_Attributes AS t1 INNER JOIN Team AS t2 ON t1.team_api_id = t2.team_api_id ORDER BY t1.buildUpPlaySpeed ASC LIMIT 4,european_football_2
131,Give the name of the league had the most matches end as draw in the 2016 season?,SELECT T2.name FROM Match AS T1 JOIN League AS T2 ON T1.league_id = T2.id WHERE T1.home_team_goal = T1.away_team_goal AND T1.season = '2016/2017' GROUP BY T2.name ORDER BY count(*) DESC LIMIT 1,SELECT t2.name FROM Match AS t1 INNER JOIN League AS t2 ON t1.league_id = t2.id WHERE t1.season = '2015/2016' AND t1.home_team_goal = t1.away_team_goal GROUP BY t2.name ORDER BY COUNT(t1.id) DESC LIMIT 1,european_football_2
132,"At present, calculate for the player's age who have a sprint speed of no less than 97 between 2013 to 2015.","SELECT DISTINCT CAST(strftime('%Y', 'now') - strftime('%Y', T1.birthday) AS INTEGER) FROM Player AS T1 JOIN Player_Attributes AS T2 ON T1.player_api_id = T2.player_api_id WHERE T2.sprint_speed >= 97 AND T2.date BETWEEN '2013-01-01' AND '2015-12-31'","SELECT DISTINCT DATETIME() - T2.birthday age FROM Player_Attributes AS t1 INNER JOIN Player AS t2 ON t1.player_api_id = t2.player_api_id WHERE STRFTIME('%Y',t1.`date`) >= '2013' AND STRFTIME('%Y',t1.`date`) <= '2015' AND t1.sprint_speed >= 97",european_football_2
133,Give the name of the league with the highest matches of all time and how many matches were played in the said league.,"SELECT T1.name ,  count(*) FROM League AS T1 JOIN Match AS T2 ON T1.id  =  T2.league_id GROUP BY T1.name ORDER BY count(*) DESC LIMIT 1","SELECT t2.name, t1.max_count FROM League AS t2 JOIN (SELECT league_id, MAX(cnt) AS max_count FROM (SELECT league_id, COUNT(id) AS cnt FROM Match GROUP BY league_id) AS subquery) AS t1 ON t1.league_id = t2.id",european_football_2
134,Give the team_fifa_api_id of teams with more than 50 but less than 60 build-up play speed.,SELECT DISTINCT team_fifa_api_id FROM Team_Attributes WHERE buildUpPlaySpeed > 50 AND buildUpPlaySpeed < 60,SELECT DISTINCT team_fifa_api_id FROM Team_Attributes WHERE buildUpPlaySpeed > 50 AND buildUpPlaySpeed < 60,european_football_2
135,List the long name of teams with above-average build-up play passing in 2012.,"SELECT DISTINCT T1.team_long_name FROM Team AS T1 JOIN Team_Attributes AS T2 ON T1.team_api_id = T2.team_api_id WHERE T2.buildUpPlayPassing > (SELECT avg(buildUpPlayPassing) FROM Team_Attributes WHERE strftime('%Y', date) = '2012') AND strftime('%Y', T2.date) = '2012'","SELECT DISTINCT t4.team_long_name FROM Team_Attributes AS t3 INNER JOIN Team AS t4 ON t3.team_api_id = t4.team_api_id WHERE SUBSTR(t3.`date`, 1, 4) = '2012' AND t3.buildUpPlayPassing > ( SELECT CAST(SUM(t2.buildUpPlayPassing) AS REAL) / COUNT(t1.id) FROM Team AS t1 INNER JOIN Team_Attributes AS t2 ON t1.team_api_id = t2.team_api_id WHERE STRFTIME('%Y',t2.`date`) = '2012')",european_football_2
136,"Calculate the percentage of players who prefer left foot, who were born between 1987 and 1992.",SELECT CAST(COUNT(DISTINCT CASE WHEN T2.preferred_foot = 'left' THEN T1.player_api_id ELSE NULL END) AS REAL) * 100 / COUNT(DISTINCT T1.player_api_id) FROM Player AS T1 JOIN Player_Attributes AS T2 ON T1.player_api_id = T2.player_api_id WHERE T1.birthday BETWEEN '1987-01-01' AND '1992-12-31',"SELECT CAST(COUNT(CASE WHEN t2.preferred_foot = 'left' THEN t1.id ELSE NULL END) AS REAL) * 100 / COUNT(t1.id) percent FROM Player AS t1 INNER JOIN Player_Attributes AS t2 ON t1.player_api_id = t2.player_api_id WHERE SUBSTR(t1.birthday, 1, 4) BETWEEN '1987' AND '1992'",european_football_2
137,Find the average number of long-shot done by Ahmed Samir Farag.,SELECT avg(T1.long_shots) FROM Player_Attributes AS T1 JOIN Player AS T2 ON T1.player_api_id = T2.player_api_id WHERE T2.player_name = 'Ahmed Samir Farag',SELECT CAST(SUM(t2.long_shots) AS REAL) / COUNT(t2.`date`) FROM Player AS t1 INNER JOIN Player_Attributes AS t2 ON t1.player_api_id = t2.player_api_id WHERE t1.player_name = 'Ahmed Samir Farag',european_football_2
138,List the top 10 players' names whose heights are above 180 in descending order of average heading accuracy.,SELECT T1.player_name FROM Player AS T1 JOIN Player_Attributes AS T2 ON T1.player_api_id  =  T2.player_api_id WHERE T1.height  >  180 GROUP BY T1.player_name ORDER BY avg(T2.heading_accuracy) DESC LIMIT 10,SELECT t1.player_name FROM Player AS t1 INNER JOIN Player_Attributes AS t2 ON t1.player_api_id = t2.player_api_id WHERE t1.height > 180 GROUP BY t1.id ORDER BY CAST(SUM(t2.heading_accuracy) AS REAL) / COUNT(t2.`player_fifa_api_id`) DESC LIMIT 10,european_football_2
139,List the name of leagues in which the average goals by the home team is higher than the away team in the 2009/2010 season.,SELECT T1.name FROM League AS T1 JOIN Match AS T2 ON T1.id  =  T2.league_id WHERE T2.season  =  '2009/2010' GROUP BY T1.name HAVING avg(T2.home_team_goal) > avg(T2.away_team_goal),SELECT t1.name FROM League AS t1 INNER JOIN Match AS t2 ON t1.id = t2.league_id WHERE t2.season = '2009/2010' GROUP BY t1.name HAVING (CAST(SUM(t2.home_team_goal) AS REAL) / COUNT(DISTINCT t2.id)) - (CAST(SUM(t2.away_team_goal) AS REAL) / COUNT(DISTINCT t2.id)) > 0,european_football_2
140,List the football players with a birthyear of 1970 and a birthmonth of October.,"SELECT player_name FROM Player WHERE strftime('%Y', birthday) = '1970' AND strftime('%m', birthday) = '10'","SELECT player_name FROM Player WHERE SUBSTR(birthday, 1, 7) = '1970-10'",european_football_2
141,What is the overall rating of the football player Gabriel Tamas in year 2011?,SELECT T1.overall_rating FROM Player_Attributes AS T1 JOIN Player AS T2 ON T1.player_api_id = T2.player_api_id WHERE T2.player_name = 'Gabriel Tamas' AND T1.date LIKE '2011%' ORDER BY T1.date DESC LIMIT 1,"SELECT t2.overall_rating FROM Player AS t1 INNER JOIN Player_Attributes AS t2 ON t1.player_api_id = t2.player_api_id WHERE t1.player_name = 'Gabriel Tamas' AND strftime('%Y', t2.date) = '2011'",european_football_2
142,Calculate the average home team goal in the 2010/2011 season in the country of Poland.,SELECT avg(T1.home_team_goal) FROM Match AS T1 JOIN League AS T2 ON T1.league_id  =  T2.id JOIN Country AS T3 ON T2.country_id  =  T3.id WHERE T1.season  =  '2010/2011' AND T3.name  =  'Poland',SELECT CAST(SUM(t2.home_team_goal) AS REAL) / COUNT(t2.id) FROM Country AS t1 INNER JOIN Match AS t2 ON t1.id = t2.country_id WHERE t1.name = 'Poland' AND t2.season = '2010/2011',european_football_2
143,Who has the highest average finishing rate between the highest and shortest football player?,SELECT T1.player_name FROM Player AS T1 JOIN Player_Attributes AS T2 ON T1.player_api_id = T2.player_api_id WHERE T1.player_api_id = (SELECT player_api_id FROM Player ORDER BY height DESC LIMIT 1) OR T1.player_api_id = (SELECT player_api_id FROM Player ORDER BY height ASC LIMIT 1) GROUP BY T1.player_name ORDER BY avg(T2.finishing) DESC LIMIT 1,"SELECT A FROM ( SELECT AVG(finishing) result, 'Max' A FROM Player AS T1 INNER JOIN Player_Attributes AS T2 ON T1.player_api_id = T2.player_api_id WHERE T1.height = ( SELECT MAX(height) FROM Player ) UNION SELECT AVG(finishing) result, 'Min' A FROM Player AS T1 INNER JOIN Player_Attributes AS T2 ON T1.player_api_id = T2.player_api_id WHERE T1.height = ( SELECT MIN(height) FROM Player ) ) ORDER BY result DESC LIMIT 1",european_football_2
144,"From 2010 to 2015, what was the average overall rating of players who are higher than 170?",SELECT avg(T1.overall_rating) FROM Player_Attributes AS T1 JOIN Player AS T2 ON T1.player_api_id = T2.player_api_id WHERE T1.date BETWEEN '2010-01-01' AND '2015-12-31' AND T2.height > 170,"SELECT CAST(SUM(t2.overall_rating) AS REAL) / COUNT(t2.id) FROM Player AS t1 INNER JOIN Player_Attributes AS t2 ON t1.player_api_id = t2.player_api_id WHERE t1.height > 170 AND STRFTIME('%Y',t2.`date`) >= '2010' AND STRFTIME('%Y',t2.`date`) <= '2015'",european_football_2
145,"What is the difference of the average ball control score between Abdou Diallo and Aaron Appindangoye
?",SELECT ABS((SELECT AVG(T1.ball_control) FROM Player_Attributes AS T1 JOIN Player AS T2 ON T1.player_api_id = T2.player_api_id WHERE T2.player_name = 'Abdou Diallo') - (SELECT AVG(T1.ball_control) FROM Player_Attributes AS T1 JOIN Player AS T2 ON T1.player_api_id = T2.player_api_id WHERE T2.player_name = 'Aaron Appindangoye')),SELECT CAST(SUM(CASE WHEN t1.player_name = 'Abdou Diallo' THEN t2.ball_control ELSE 0 END) AS REAL) / COUNT(CASE WHEN t1.player_name = 'Abdou Diallo' THEN t2.id ELSE NULL END) - CAST(SUM(CASE WHEN t1.player_name = 'Aaron Appindangoye' THEN t2.ball_control ELSE 0 END) AS REAL) / COUNT(CASE WHEN t1.player_name = 'Aaron Appindangoye' THEN t2.id ELSE NULL END) FROM Player AS t1 INNER JOIN Player_Attributes AS t2 ON t1.player_api_id = t2.player_api_id,european_football_2
146,"Which player is older, Aaron Lennon or Abdelaziz Barrada?",SELECT player_name FROM Player WHERE player_name = 'Aaron Lennon' OR player_name = 'Abdelaziz Barrada' ORDER BY birthday ASC LIMIT 1,"SELECT player_name FROM Player WHERE player_name IN ('Aaron Lennon', 'Abdelaziz Barrada') ORDER BY birthday ASC LIMIT 1",european_football_2
147,Which player is the tallest?,SELECT player_name FROM Player WHERE height = (SELECT max(height) FROM Player),SELECT player_name FROM Player ORDER BY height DESC LIMIT 1,european_football_2
148,"Among the players whose preferred foot was the left foot when attacking, how many of them would remain in his position when the team attacked?",SELECT COUNT(DISTINCT player_api_id) FROM Player_Attributes WHERE preferred_foot = 'left' AND attacking_work_rate = 'low',SELECT COUNT(player_api_id) FROM Player_Attributes WHERE preferred_foot = 'left' AND attacking_work_rate = 'low',european_football_2
149,"Among the players born before the year 1986, how many of them would remain in his position and defense while the team attacked?","SELECT COUNT(DISTINCT T1.player_api_id) FROM Player AS T1 JOIN Player_Attributes AS T2 ON T1.player_api_id  =  T2.player_api_id WHERE T1.birthday < '1986-01-01' AND T2.attacking_work_rate  =  'low' AND T2.defensive_work_rate IN ('medium', 'high') AND T2.positioning  >  (SELECT AVG(positioning) FROM Player_Attributes)","SELECT COUNT(DISTINCT t1.player_name) FROM Player AS t1 INNER JOIN Player_Attributes AS t2 ON t1.player_api_id = t2.player_api_id WHERE STRFTIME('%Y',t1.birthday) < '1986' AND t2.defensive_work_rate = 'high'",european_football_2
150,Please list the names of the players whose volley score and dribbling score are over 70.,SELECT DISTINCT T1.player_name FROM Player AS T1 JOIN Player_Attributes AS T2 ON T1.player_api_id = T2.player_api_id WHERE T2.volleys > 70 AND T2.dribbling > 70,SELECT DISTINCT t1.player_name FROM Player AS t1 INNER JOIN Player_Attributes AS t2 ON t1.player_api_id = t2.player_api_id WHERE t2.volleys > 70 AND t2.dribbling > 70,european_football_2
151,"How many matches were held in the Belgium Jupiler League in April, 2009?",SELECT count(T1.id) FROM Match AS T1 JOIN League AS T2 ON T1.league_id = T2.id WHERE T2.name = 'Belgium Jupiler League' AND T1.date LIKE '2009-04%',"SELECT COUNT(t2.id) FROM League AS t1 INNER JOIN Match AS t2 ON t1.id = t2.league_id WHERE t1.name = 'Belgium Jupiler League' AND SUBSTR(t2.`date`, 1, 7) = '2009-04'",european_football_2
152,Give the name of the league had the most matches in the 2008/2009 season?,SELECT T2.name FROM Match AS T1 JOIN League AS T2 ON T1.league_id = T2.id WHERE T1.season = '2008/2009' GROUP BY T1.league_id ORDER BY count(*) DESC LIMIT 1,SELECT t1.name FROM League AS t1 JOIN Match AS t2 ON t1.id = t2.league_id WHERE t2.season = '2008/2009' GROUP BY t1.name HAVING COUNT(t2.id) = (SELECT MAX(match_count) FROM (SELECT COUNT(t2.id) AS match_count FROM Match AS t2 WHERE t2.season = '2008/2009' GROUP BY t2.league_id)),european_football_2
153,How much higher in percentage is Ariel Borysiuk's overall rating than that of Paulin Puel?,"SELECT ((T1.overall_rating - T2.overall_rating) * 100.0 / T2.overall_rating) FROM (SELECT T2.overall_rating FROM Player AS T1 JOIN Player_Attributes AS T2 ON T1.player_api_id  =  T2.player_api_id WHERE T1.player_name  =  'Ariel Borysiuk' ORDER BY T2.date DESC LIMIT 1) AS T1, (SELECT T2.overall_rating FROM Player AS T1 JOIN Player_Attributes AS T2 ON T1.player_api_id  =  T2.player_api_id WHERE T1.player_name  =  'Paulin Puel' ORDER BY T2.date DESC LIMIT 1) AS T2",SELECT (SUM(CASE WHEN t1.player_name = 'Ariel Borysiuk' THEN t2.overall_rating ELSE 0 END) * 1.0 - SUM(CASE WHEN t1.player_name = 'Paulin Puel' THEN t2.overall_rating ELSE 0 END)) * 100 / SUM(CASE WHEN t1.player_name = 'Paulin Puel' THEN t2.overall_rating ELSE 0 END) FROM Player AS t1 INNER JOIN Player_Attributes AS t2 ON t1.player_api_id = t2.player_api_id,european_football_2
154,Calculate the average overall rating of Pietro Marino.,SELECT avg(T1.overall_rating) FROM Player_Attributes AS T1 JOIN Player AS T2 ON T1.player_api_id = T2.player_api_id WHERE T2.player_name = 'Pietro Marino',SELECT CAST(SUM(t2.overall_rating) AS REAL) / COUNT(t2.id) FROM Player AS t1 INNER JOIN Player_Attributes AS t2 ON t1.player_api_id = t2.player_api_id WHERE t1.player_name = 'Pietro Marino',european_football_2
155,What is Ajax's highest chance creation passing score and what is it classified as?,"SELECT T1.chanceCreationPassing ,  T1.chanceCreationPassingClass FROM Team_Attributes AS T1 JOIN Team AS T2 ON T1.team_api_id  =  T2.team_api_id WHERE T2.team_long_name  =  'Ajax' ORDER BY T1.chanceCreationPassing DESC LIMIT 1","SELECT t2.chanceCreationPassing, t2.chanceCreationPassingClass FROM Team AS t1 INNER JOIN Team_Attributes AS t2 ON t1.team_api_id = t2.team_api_id WHERE t1.team_long_name = 'Ajax' ORDER BY t2.chanceCreationPassing DESC LIMIT 1",european_football_2
156,"For the players who had a 77 points overall rating on 2016/6/23, who was the oldest? Give the name of the player.",SELECT T1.player_name FROM Player AS T1 JOIN Player_Attributes AS T2 ON T1.player_api_id = T2.player_api_id WHERE T2.overall_rating = 77 AND T2.date = '2016-06-23 00:00:00' ORDER BY T1.birthday ASC LIMIT 1,"SELECT t1.player_name FROM Player AS t1 INNER JOIN Player_Attributes AS t2 ON t1.player_api_id = t2.player_api_id WHERE SUBSTR(t2.`date`, 1, 10) = '2016-06-23' AND t2.overall_rating = 77 ORDER BY t1.birthday ASC LIMIT 1",european_football_2
157,What was the overall rating for Aaron Mooy on 2016/2/4?,SELECT T1.overall_rating FROM Player_Attributes AS T1 JOIN Player AS T2 ON T1.player_api_id = T2.player_api_id WHERE T2.player_name = 'Aaron Mooy' AND T1.date = '2016-02-04',"SELECT t2.overall_rating FROM Player AS t1 INNER JOIN Player_Attributes AS t2 ON t1.player_api_id = t2.player_api_id WHERE SUBSTR(t2.`date`, 1, 10) = '2016-02-04' AND t1.player_name = 'Aaron Mooy'",european_football_2
158,How was Francesco Migliore's attacking work rate on 2015/5/1?,SELECT T2.attacking_work_rate FROM Player AS T1 JOIN Player_Attributes AS T2 ON T1.player_api_id = T2.player_api_id WHERE T1.player_name = 'Francesco Migliore' AND T2.date LIKE '2015-05-01%',SELECT t2.attacking_work_rate FROM Player AS t1 INNER JOIN Player_Attributes AS t2 ON t1.player_api_id = t2.player_api_id WHERE t2.`date` LIKE '2015-05-01%' AND t1.player_name = 'Francesco Migliore',european_football_2
159,When was the first time did Kevin Constant have his highest crossing score? Give the date.,SELECT T1.date FROM Player_Attributes AS T1 JOIN Player AS T2 ON T1.player_api_id = T2.player_api_id WHERE T2.player_name = 'Kevin Constant' AND T1.crossing = (SELECT max(T3.crossing) FROM Player_Attributes AS T3 JOIN Player AS T4 ON T3.player_api_id = T4.player_api_id WHERE T4.player_name = 'Kevin Constant') ORDER BY T1.date ASC LIMIT 1,"SELECT `date` FROM ( SELECT t2.crossing, t2.`date` FROM Player AS t1 INNER JOIN Player_Attributes AS t2 ON t1.player_fifa_api_id = t2.player_fifa_api_id WHERE t1.player_name = 'Kevin Constant' ORDER BY t2.crossing DESC) ORDER BY date DESC LIMIT 1",european_football_2
160,"Tell the build Up play passing class for ""FC Lorient"" on 2010/2/22.",SELECT T1.buildUpPlayPassingClass FROM Team_Attributes AS T1 JOIN Team AS T2 ON T1.team_api_id = T2.team_api_id WHERE T2.team_long_name = 'FC Lorient' AND T1.date = '2010-02-22',SELECT t2.buildUpPlayPassingClass FROM Team AS t1 INNER JOIN Team_Attributes AS t2 ON t1.team_api_id = t2.team_api_id WHERE t1.team_long_name = 'FC Lorient' AND t2.`date` LIKE '2010-02-22%',european_football_2
161,"For the team ""Hannover 96"", what was its defence aggression class on 2015/9/10?",SELECT T2.defenceAggressionClass FROM Team AS T1 JOIN Team_Attributes AS T2 ON T1.team_api_id = T2.team_api_id WHERE T1.team_long_name = 'Hannover 96' AND T2.date = '2015-09-10',SELECT t2.defenceAggressionClass FROM Team AS t1 INNER JOIN Team_Attributes AS t2 ON t1.team_api_id = t2.team_api_id WHERE t1.team_long_name = 'Hannover 96' AND t2.`date` LIKE '2015-09-10%',european_football_2
162,What was the average overall rating for Marko Arnautovic from 2007/2/22 to 2016/4/21?,SELECT avg(T1.overall_rating) FROM Player_Attributes AS T1 JOIN Player AS T2 ON T1.player_api_id = T2.player_api_id WHERE T2.player_name = 'Marko Arnautovic' AND T1.date BETWEEN '2007-02-22' AND '2016-04-21',"SELECT CAST(SUM(t2.overall_rating) AS REAL) / COUNT(t2.id) FROM Player AS t1 INNER JOIN Player_Attributes AS t2 ON t1.player_fifa_api_id = t2.player_fifa_api_id WHERE t1.player_name = 'Marko Arnautovic' AND SUBSTR(t2.`date`, 1, 10) BETWEEN '2007-02-22' AND '2016-04-21'",european_football_2
163,What percentage is Landon Donovan's overall rating higher than Jordan Bowery on 2013/7/12?,SELECT ( (SELECT T2.overall_rating FROM Player AS T1 JOIN Player_Attributes AS T2 ON T1.player_api_id  =  T2.player_api_id WHERE T1.player_name  =  'Landon Donovan' AND T2.date  =  '2013-07-12 00:00:00') - (SELECT T2.overall_rating FROM Player AS T1 JOIN Player_Attributes AS T2 ON T1.player_api_id  =  T2.player_api_id WHERE T1.player_name  =  'Jordan Bowery' AND T2.date  =  '2013-07-12 00:00:00') ) * 100.0 / (SELECT T2.overall_rating FROM Player AS T1 JOIN Player_Attributes AS T2 ON T1.player_api_id  =  T2.player_api_id WHERE T1.player_name  =  'Jordan Bowery' AND T2.date  =  '2013-07-12 00:00:00'),"SELECT (SUM(CASE WHEN t1.player_name = 'Landon Donovan' THEN t2.overall_rating ELSE 0 END) * 1.0 - SUM(CASE WHEN t1.player_name = 'Jordan Bowery' THEN t2.overall_rating ELSE 0 END)) * 100 / SUM(CASE WHEN t1.player_name = 'Landon Donovan' THEN t2.overall_rating ELSE 0 END) LvsJ_percent FROM Player AS t1 INNER JOIN Player_Attributes AS t2 ON t1.player_fifa_api_id = t2.player_fifa_api_id WHERE SUBSTR(t2.`date`, 1, 10) = '2013-07-12'",european_football_2
164,List down most tallest players' name.,SELECT player_name FROM Player WHERE height = (SELECT max(height) FROM Player),"SELECT player_name FROM (SELECT player_name, height, DENSE_RANK() OVER (ORDER BY height DESC) as rank FROM Player) WHERE rank = 1",european_football_2
165,State the name of the most strongest player.,SELECT T1.player_name FROM Player AS T1 JOIN Player_Attributes AS T2 ON T1.player_api_id = T2.player_api_id ORDER BY T2.strength DESC LIMIT 1,SELECT DISTINCT t1.player_name FROM Player AS t1 INNER JOIN Player_Attributes AS t2 ON t1.player_api_id = t2.player_api_id WHERE t2.overall_rating = (SELECT MAX(overall_rating) FROM Player_Attributes),european_football_2
166,Who are the players that tend to be attacking when their mates were doing attack moves? List down their name.,SELECT DISTINCT T1.player_name FROM Player AS T1 JOIN Player_Attributes AS T2 ON T1.player_api_id = T2.player_api_id WHERE T2.attacking_work_rate = 'High',SELECT DISTINCT t1.player_name FROM Player AS t1 INNER JOIN Player_Attributes AS t2 ON t1.player_api_id = t2.player_api_id WHERE t2.attacking_work_rate = 'high',european_football_2
167,What are the short name of team who played safe while creating chance of passing?,SELECT DISTINCT T1.team_short_name FROM Team AS T1 JOIN Team_Attributes AS T2 ON T1.team_api_id = T2.team_api_id WHERE T2.chanceCreationPassingClass = 'Safe',SELECT DISTINCT t1.team_short_name FROM Team AS t1 INNER JOIN Team_Attributes AS t2 ON t1.team_api_id = t2.team_api_id WHERE t2.chanceCreationPassingClass = 'Safe',european_football_2
168,"How many football players born after the 1990s have the first name ""Aaron""?",SELECT COUNT(id) FROM Player WHERE player_name LIKE 'Aaron %' AND birthday > '1999-12-31',SELECT COUNT(id) FROM Player WHERE birthday > '1990' AND player_name LIKE 'Aaron%',european_football_2
169,What is the difference between players 6 and 23's jumping scores?,SELECT (SELECT jumping FROM Player_Attributes WHERE player_api_id = 6 ORDER BY date DESC LIMIT 1) - (SELECT jumping FROM Player_Attributes WHERE player_api_id = 23 ORDER BY date DESC LIMIT 1),SELECT SUM(CASE WHEN t1.id = 6 THEN t1.jumping ELSE 0 END) - SUM(CASE WHEN t1.id = 23 THEN t1.jumping ELSE 0 END) FROM Player_Attributes AS t1,european_football_2
170,Please provide top four football players' IDs who are among the lowest potential players and prefer to use the right foot when attacking.,"SELECT T1.player_api_id FROM Player AS T1 JOIN (SELECT player_api_id, MIN(potential) AS min_potential FROM Player_Attributes WHERE preferred_foot = 'right' GROUP BY player_api_id) AS T2 ON T1.player_api_id = T2.player_api_id ORDER BY T2.min_potential ASC LIMIT 4",SELECT id FROM Player_Attributes WHERE preferred_foot = 'right' ORDER BY potential ASC LIMIT 4,european_football_2
171,How many players had the highest potential score for crossing that preferred to use their left foots while attacking?,SELECT COUNT(DISTINCT T1.player_api_id) FROM Player_Attributes AS T1 WHERE T1.preferred_foot = 'left' AND T1.crossing = (SELECT MAX(crossing) FROM Player_Attributes WHERE preferred_foot = 'left'),SELECT COUNT(t1.id) FROM Player_Attributes AS t1 WHERE t1.preferred_foot = 'left' AND t1.crossing = ( SELECT MAX(crossing) FROM Player_Attributes),european_football_2
172,"What was the final score for the match on September 24, 2008, in the Belgian Jupiler League between the home team and the away team?","SELECT T1.home_team_goal ,  T1.away_team_goal FROM Match AS T1 JOIN League AS T2 ON T1.league_id  =  T2.id JOIN Country AS T3 ON T2.country_id  =  T3.id WHERE T1.date  =  '2008-09-24' AND T2.name  =  'Belgium Jupiler League' AND T3.name  =  'Belgium'","SELECT t2.home_team_goal, t2.away_team_goal FROM League AS t1 INNER JOIN Match AS t2 ON t1.id = t2.league_id WHERE t1.name = 'Belgium Jupiler League' AND t2.`date` LIKE '2008-09-24%'",european_football_2
173,"Does the KSV Cercle Brugge team have a slow, balanced or fast speed class?",SELECT DISTINCT T2.buildUpPlaySpeedClass FROM Team AS T1 JOIN Team_Attributes AS T2 ON T1.team_api_id = T2.team_api_id WHERE T1.team_long_name = 'KSV Cercle Brugge',SELECT DISTINCT t1.buildUpPlaySpeedClass FROM Team_Attributes AS t1 INNER JOIN Team AS t2 ON t1.team_api_id = t2.team_api_id WHERE t2.team_long_name = 'KSV Cercle Brugge',european_football_2
174,Please state the finishing rate and curve score of the player who has the heaviest weight.,"SELECT T1.finishing, T1.curve FROM Player_Attributes AS T1 JOIN Player AS T2 ON T1.player_api_id = T2.player_api_id WHERE T2.weight = (SELECT max(weight) FROM Player)","SELECT id, finishing, curve FROM Player_Attributes WHERE player_api_id = ( SELECT player_api_id FROM Player ORDER BY weight DESC LIMIT 1 ) LIMIT 1",european_football_2
175,Which top 4 leagues had the most games in the 2015-2016 season?,SELECT T1.name FROM League AS T1 JOIN Match AS T2 ON T1.id  =  T2.league_id WHERE T2.season  =  '2015/2016' GROUP BY T1.name ORDER BY count(T2.id) DESC LIMIT 4,SELECT t1.name FROM League AS t1 INNER JOIN Match AS t2 ON t1.id = t2.league_id WHERE t2.season = '2015/2016' GROUP BY t1.name ORDER BY COUNT(t2.id) DESC LIMIT 4,european_football_2
176,Please provide the full name of the away team that scored the most goals.,SELECT DISTINCT T2.team_long_name FROM Match AS T1 JOIN Team AS T2 ON T1.away_team_api_id = T2.team_api_id WHERE T1.away_team_goal = (SELECT max(away_team_goal) FROM Match),SELECT t2.team_long_name FROM Match AS t1 INNER JOIN Team AS t2 ON t1.away_team_api_id = t2.team_api_id ORDER BY t1.away_team_goal DESC LIMIT 1,european_football_2
177,Please name one player whose overall strength is the greatest.,SELECT T1.player_name FROM Player AS T1 JOIN Player_Attributes AS T2 ON T1.player_api_id = T2.player_api_id ORDER BY T2.strength DESC LIMIT 1,SELECT DISTINCT t1.player_name FROM Player AS t1 INNER JOIN Player_Attributes AS t2 ON t1.player_api_id = t2.player_api_id WHERE t2.overall_rating = ( SELECT MAX(overall_rating) FROM Player_Attributes),european_football_2
178,What is the percentage of players that are under 180 cm who have an overall strength of more than 70?,"SELECT   CAST(SUM(CASE WHEN T.HasStrengthOver70 = 1 THEN 1 ELSE 0 END) AS REAL) * 100   / COUNT(T.player_api_id) FROM (   SELECT     P.player_api_id,     MAX(CASE WHEN PA.strength > 70 THEN 1 ELSE 0 END) AS HasStrengthOver70   FROM Player AS P   JOIN Player_Attributes AS PA     ON P.player_api_id = PA.player_api_id   WHERE     P.height < 180   GROUP BY     P.player_api_id ) AS T",SELECT CAST(COUNT(CASE WHEN t2.overall_rating > 70  AND t1.height < 180 THEN t1.id ELSE NULL END) AS REAL) * 100 / COUNT(t1.id) percent FROM Player AS t1 INNER JOIN Player_Attributes AS t2 ON t1.player_api_id = t2.player_api_id ,european_football_2
179,Please list the reference names of the drivers who are eliminated in the first period in race number 20.,SELECT T1.driverRef FROM drivers AS T1 JOIN qualifying AS T2 ON T1.driverId = T2.driverId WHERE T2.raceId = 20 AND T2.q1 IS NOT NULL AND T2.q2 IS NULL,SELECT T2.driverRef FROM qualifying AS T1 INNER JOIN drivers AS T2 ON T2.driverId = T1.driverId WHERE T1.raceId = 20 ORDER BY T1.q1 DESC LIMIT 5,formula_1
180,What is the surname of the driver with the best lap time in race number 19 in the second qualifying period?,SELECT T1.surname FROM drivers AS T1 JOIN qualifying AS T2 ON T1.driverId = T2.driverId WHERE T2.raceId = 19 ORDER BY T2.q2 LIMIT 1,SELECT T2.surname FROM qualifying AS T1 INNER JOIN drivers AS T2 ON T2.driverId = T1.driverId WHERE T1.raceId = 19 ORDER BY T1.q2 ASC LIMIT 1,formula_1
181,Please give the name of the race held on the circuits in Germany.,SELECT T1.name FROM races AS T1 JOIN circuits AS T2 ON T1.circuitId = T2.circuitId WHERE T2.country = 'Germany',SELECT DISTINCT T2.name FROM circuits AS T1 INNER JOIN races AS T2 ON T2.circuitID = T1.circuitId WHERE T1.country = 'Germany',formula_1
182,What is the coordinates location of the circuits for Australian grand prix?,"SELECT DISTINCT T1.lat, T1.lng FROM circuits AS T1 JOIN races AS T2 ON T1.circuitId = T2.circuitId WHERE T2.name = 'Australian Grand Prix'","SELECT DISTINCT T1.lat, T1.lng FROM circuits AS T1 INNER JOIN races AS T2 ON T2.circuitID = T1.circuitId WHERE T2.name = 'Australian Grand Prix'",formula_1
183,Give the coordinate position for Abu Dhabi Grand Prix.,"SELECT T1.lat , T1.lng FROM circuits AS T1 JOIN races AS T2 ON T1.circuitId = T2.circuitId WHERE T2.name = 'Abu Dhabi Grand Prix'","SELECT DISTINCT T1.lat, T1.lng FROM circuits AS T1 INNER JOIN races AS T2 ON T2.circuitID = T1.circuitId WHERE T2.name = 'Abu Dhabi Grand Prix'",formula_1
184,What's Bruno Senna's Q1 result in the qualifying race No. 354?,SELECT T1.q1 FROM qualifying AS T1 JOIN drivers AS T2 ON T1.driverId = T2.driverId WHERE T2.forename = 'Bruno' AND T2.surname = 'Senna' AND T1.raceId = 354,SELECT T1.q1 FROM qualifying AS T1 INNER JOIN drivers AS T2 ON T2.driverId = T1.driverId WHERE T1.raceId = 354 AND T2.forename = 'Bruno' AND T2.surname = 'Senna',formula_1
185,What is his number of the driver who finished 0:01:54 in the Q3 of qualifying race No.903?,SELECT T1.number FROM drivers AS T1 JOIN qualifying AS T2 ON T1.driverId = T2.driverId WHERE T2.q3 = '0:01:54' AND T2.raceId = 903,SELECT T2.number FROM qualifying AS T1 INNER JOIN drivers AS T2 ON T2.driverId = T1.driverId WHERE T1.raceId = 903 AND T1.q3 LIKE '1:54%',formula_1
186,"For the Bahrain Grand Prix in 2007, how many drivers not finished the game?",SELECT count(T1.driverId) FROM results AS T1 JOIN races AS T2 ON T1.raceId  =  T2.raceId JOIN status AS T3 ON T1.statusId  =  T3.statusId WHERE T2.name  =  'Bahrain Grand Prix' AND T2.year  =  2007 AND T3.status  !=  'Finished',SELECT COUNT(T3.driverId) FROM races AS T1 INNER JOIN results AS T2 ON T2.raceId = T1.raceId INNER JOIN drivers AS T3 ON T3.driverId = T2.driverId WHERE T1.year = 2007 AND T1.name = 'Bahrain Grand Prix' AND T2.time IS NULL,formula_1
187,"For all the drivers who finished the game in race No. 592, who is the oldest?","SELECT T1.forename , T1.surname FROM drivers AS T1 JOIN results AS T2 ON T1.driverId = T2.driverId JOIN status AS T3 ON T2.statusId = T3.statusId WHERE T2.raceId = 592 AND T3.status = 'Finished' ORDER BY T1.dob LIMIT 1","SELECT T1.forename, T1.surname FROM drivers AS T1 INNER JOIN results AS T2 ON T2.driverId = T1.driverId WHERE T2.raceId = 592 AND T2.time IS NOT NULL AND T1.dob IS NOT NULL ORDER BY T1.dob ASC LIMIT 1",formula_1
188,Who was the player that got the lap time of 0:01:27 in the race No. 161? Show his introduction website.,SELECT T1.url FROM drivers AS T1 JOIN lapTimes AS T2 ON T1.driverId = T2.driverId WHERE T2.raceId = 161 AND T2.time = '0:01:27',"SELECT DISTINCT T2.forename, T2.surname, T2.url FROM lapTimes AS T1 INNER JOIN drivers AS T2 ON T2.driverId = T1.driverId WHERE T1.raceId = 161 AND T1.time LIKE '1:27%'",formula_1
189,Where is Malaysian Grand Prix held? Give the location coordinates.,"SELECT T2.lat, T2.lng FROM races AS T1 JOIN circuits AS T2 ON T1.circuitId = T2.circuitId WHERE T1.name = 'Malaysian Grand Prix'","SELECT DISTINCT T1.lat, T1.lng FROM circuits AS T1 INNER JOIN races AS T2 ON T2.circuitID = T1.circuitId WHERE T2.name = 'Malaysian Grand Prix'",formula_1
190,"For the constructor which got the highest point in the race No. 9 , what is its introduction website?",SELECT T1.url FROM constructors AS T1 JOIN constructorResults AS T2 ON T1.constructorId = T2.constructorId WHERE T2.raceId = 9 ORDER BY T2.points DESC LIMIT 1,SELECT T2.url FROM constructorResults AS T1 INNER JOIN constructors AS T2 ON T2.constructorId = T1.constructorId WHERE T1.raceId = 9 ORDER BY T1.points DESC LIMIT 1,formula_1
191,"In the race No. 45, for the driver who had the Q3 time as 0:01:33, what is his abbreviated code?",SELECT T1.code FROM drivers AS T1 JOIN qualifying AS T2 ON T1.driverId = T2.driverId WHERE T2.raceId = 45 AND T2.q3 = '0:01:33',SELECT T2.code FROM qualifying AS T1 INNER JOIN drivers AS T2 ON T2.driverId = T1.driverId WHERE T1.raceId = 45 AND T1.q3 LIKE '1:33%',formula_1
192,Show me the season page of year when the race No. 901 took place.,SELECT T1.url FROM seasons AS T1 JOIN races AS T2 ON T1.year = T2.year WHERE T2.raceId = 901,SELECT T2.url FROM races AS T1 INNER JOIN seasons AS T2 ON T2.year = T1.year WHERE T1.raceId = 901,formula_1
193,"For all the drivers who finished the game in race No. 872, who is the youngest?","SELECT T3.forename , T3.surname FROM races AS T1 JOIN results AS T2 ON T1.raceId = T2.raceId JOIN drivers AS T3 ON T2.driverId = T3.driverId JOIN status AS T4 ON T2.statusId = T4.statusId WHERE T1.raceId = 872 AND T4.status = 'Finished' ORDER BY T3.dob DESC LIMIT 1","SELECT T1.forename, T1.surname FROM drivers AS T1 INNER JOIN results AS T2 ON T2.driverId = T1.driverId WHERE T2.raceId = 872 AND T2.time IS NOT NULL ORDER BY T1.dob DESC LIMIT 1",formula_1
194,"For the driver who set the fastest lap speed, what is his nationality?",SELECT T2.nationality FROM results AS T1 JOIN drivers AS T2 ON T1.driverId = T2.driverId ORDER BY T1.fastestLapSpeed DESC LIMIT 1,SELECT T1.nationality FROM drivers AS T1 INNER JOIN results AS T2 ON T2.driverId = T1.driverId ORDER BY T2.fastestLapSpeed DESC LIMIT 1,formula_1
195,"Paul di Resta was in the No. 853 race, what percent faster did he finish in the 853rd race than the next race for the fastest lap speed?",SELECT ( CAST(T1.fastestLapSpeed AS REAL) - ( SELECT CAST(T_next.fastestLapSpeed AS REAL) FROM results AS T_next JOIN races AS Ra_next ON T_next.raceId = Ra_next.raceId WHERE T_next.driverId = (SELECT driverId FROM drivers WHERE forename = 'Paul' AND surname = 'di Resta') AND Ra_next.date > (SELECT date FROM races WHERE raceId = 853) ORDER BY Ra_next.date ASC LIMIT 1 ) ) / ( SELECT CAST(T_next.fastestLapSpeed AS REAL) FROM results AS T_next JOIN races AS Ra_next ON T_next.raceId = Ra_next.raceId WHERE T_next.driverId = (SELECT driverId FROM drivers WHERE forename = 'Paul' AND surname = 'di Resta') AND Ra_next.date > (SELECT date FROM races WHERE raceId = 853) ORDER BY Ra_next.date ASC LIMIT 1 ) * 100 FROM results AS T1 JOIN drivers AS D ON T1.driverId = D.driverId WHERE D.forename = 'Paul' AND D.surname = 'di Resta' AND T1.raceId = 853,"SELECT (SUM(IIF(T2.raceId = 853, T2.fastestLapSpeed, 0)) - SUM(IIF(T2.raceId = 854, T2.fastestLapSpeed, 0))) * 100 / SUM(IIF(T2.raceId = 853, T2.fastestLapSpeed, 0)) FROM drivers AS T1 INNER JOIN results AS T2 ON T2.driverId = T1.driverId WHERE T1.forename = 'Paul' AND T1.surname = 'di Resta'",formula_1
196,"For the drivers who took part in the race in 1983/7/16, what's their race completion rate?",SELECT CAST(SUM(CASE WHEN T3.status = 'Finished' THEN 1 ELSE 0 END) AS REAL) / COUNT(T1.driverId) FROM results AS T1 JOIN races AS T2 ON T1.raceId = T2.raceId JOIN status AS T3 ON T1.statusId = T3.statusId WHERE T2.date = '1983-07-16',SELECT CAST(COUNT(CASE WHEN T2.time IS NOT NULL THEN T2.driverId END) AS REAL) * 100 / COUNT(T2.driverId) FROM races AS T1 INNER JOIN results AS T2 ON T2.raceId = T1.raceId WHERE T1.date = '1983-07-16',formula_1
197,List the names of all races that occurred in the earliest recorded year and month.,"SELECT name FROM races WHERE year = (SELECT MIN(year) FROM races) AND strftime('%m', date) = (SELECT MIN(strftime('%m', date)) FROM races WHERE year = (SELECT MIN(year) FROM races))","SELECT name FROM races WHERE STRFTIME('%Y', date) = ( SELECT STRFTIME('%Y', date) FROM races ORDER BY date ASC LIMIT 1 ) AND STRFTIME('%m', date) = ( SELECT STRFTIME('%m', date) FROM races ORDER BY date ASC LIMIT 1 )",formula_1
198,State the driver with the most points scored. Find his full name with that points.,"SELECT T1.forename , T1.surname , T2.points FROM drivers AS T1 JOIN driverStandings AS T2 ON T1.driverId = T2.driverId WHERE T2.points = (SELECT max(points) FROM driverStandings)","SELECT T3.forename, T3.surname, T2.points FROM races AS T1 INNER JOIN driverStandings AS T2 ON T2.raceId = T1.raceId INNER JOIN drivers AS T3 ON T3.driverId = T2.driverId ORDER BY T2.points DESC LIMIT 1",formula_1
199,What is the best lap time recorded? List the driver and race with such recorded lap time.,"SELECT T2.forename, T2.surname, T3.name, T1.time FROM lapTimes AS T1 JOIN drivers AS T2 ON T1.driverId = T2.driverId JOIN races AS T3 ON T1.raceId = T3.raceId ORDER BY T1.milliseconds LIMIT 1","SELECT T2.milliseconds, T1.forename, T1.surname, T3.name FROM drivers AS T1 INNER JOIN lapTimes AS T2 ON T1.driverId = T2.driverId INNER JOIN races AS T3 ON T2.raceId = T3.raceId ORDER BY T2.milliseconds ASC LIMIT 1",formula_1
200,What is the average lap time for Lewis Hamilton in the 2009 Malaysian Grand Prix?,SELECT avg(T1.milliseconds) FROM lapTimes AS T1 JOIN drivers AS T2 ON T1.driverId  =  T2.driverId JOIN races AS T3 ON T1.raceId  =  T3.raceId WHERE T2.forename  =  'Lewis' AND T2.surname  =  'Hamilton' AND T3.year  =  2009 AND T3.name  =  'Malaysian Grand Prix',SELECT AVG(T2.milliseconds) FROM races AS T1 INNER JOIN lapTimes AS T2 ON T2.raceId = T1.raceId INNER JOIN drivers AS T3 ON T3.driverId = T2.driverId WHERE T3.forename = 'Lewis' AND T3.surname = 'Hamilton' AND T1.year = 2009 AND T1.name = 'Malaysian Grand Prix',formula_1
201,Calculate the percentage whereby Hamilton was not at the 1st track of the the f1 circuit since 2010.,SELECT CAST(SUM(CASE WHEN T2.round != 1 THEN 1 ELSE 0 END) AS REAL) * 100.0 / COUNT(T1.raceId) FROM results AS T1 JOIN races AS T2 ON T1.raceId = T2.raceId JOIN drivers AS T3 ON T1.driverId = T3.driverId WHERE T3.forename = 'Lewis' AND T3.surname = 'Hamilton' AND T2.year >= 2010,SELECT CAST(COUNT(CASE WHEN T2.position <> 1 THEN T2.position END) AS REAL) * 100 / COUNT(T2.driverStandingsId) FROM races AS T1 INNER JOIN driverStandings AS T2 ON T2.raceId = T1.raceId INNER JOIN drivers AS T3 ON T3.driverId = T2.driverId WHERE T3.surname = 'Hamilton' AND T1.year >= 2010,formula_1
202,Name the driver with the most winning. Mention his nationality and what is his maximum point scores.,"SELECT T2.forename ,  T2.surname ,  T2.nationality ,  MAX(T1.points) FROM driverStandings AS T1 JOIN drivers AS T2 ON T1.driverId  =  T2.driverId WHERE T1.driverId IN (SELECT driverId FROM driverStandings WHERE wins  =  (SELECT MAX(wins) FROM driverStandings)) GROUP BY T2.driverId","SELECT T1.forename, T1.surname, T1.nationality, MAX(T2.points) FROM drivers AS T1 INNER JOIN driverStandings AS T2 ON T2.driverId = T1.driverId WHERE T2.wins >= 1 GROUP BY T1.forename, T1.surname, T1.nationality ORDER BY COUNT(T2.wins) DESC LIMIT 1",formula_1
203,How old is the youngest Japanese driver? What is his name?,"SELECT forename ,  surname ,  dob FROM drivers WHERE nationality  =  'Japanese' ORDER BY dob DESC LIMIT 1","SELECT STRFTIME('%Y', CURRENT_TIMESTAMP) - STRFTIME('%Y', dob), forename , surname FROM drivers WHERE nationality = 'Japanese' ORDER BY dob DESC LIMIT 1",formula_1
204,Name the races along with its circuit name and location for f1 races hosted in September 2005.,"SELECT T1.name ,  T2.name ,  T2.location FROM races AS T1 JOIN circuits AS T2 ON T1.circuitId  =  T2.circuitId WHERE T1.year  =  2005 AND strftime('%m', T1.date)  =  '09'","SELECT DISTINCT T2.name, T1.name, T1.location FROM circuits AS T1 INNER JOIN races AS T2 ON T2.circuitID = T1.circuitId WHERE T2.year = 2005 AND STRFTIME('%m', T2.date) = '09'",formula_1
205,Which race was Alex Yoong in when he was in track number less than 20?,SELECT T1.name FROM races AS T1 JOIN results AS T2 ON T1.raceId = T2.raceId JOIN drivers AS T3 ON T2.driverId = T3.driverId WHERE T3.forename = 'Alex' AND T3.surname = 'Yoong' AND T2.position < 20,SELECT T1.name FROM races AS T1 INNER JOIN driverStandings AS T2 ON T2.raceId = T1.raceId INNER JOIN drivers AS T3 ON T3.driverId = T2.driverId WHERE T3.forename = 'Alex' AND T3.surname = 'Yoong' AND T2.position < 20,formula_1
206,State the race and year of race in which Michael Schumacher had his fastest lap.,"SELECT T1.name , T1.year FROM races AS T1 JOIN results AS T2 ON T1.raceId = T2.raceId JOIN drivers AS T3 ON T2.driverId = T3.driverId WHERE T3.forename = 'Michael' AND T3.surname = 'Schumacher' AND T2.fastestLapTime = (SELECT min(T4.fastestLapTime) FROM results AS T4 JOIN drivers AS T5 ON T4.driverId = T5.driverId WHERE T5.forename = 'Michael' AND T5.surname = 'Schumacher')","SELECT T1.name, T1.year FROM races AS T1 INNER JOIN lapTimes AS T2 ON T2.raceId = T1.raceId INNER JOIN drivers AS T3 ON T3.driverId = T2.driverId WHERE T3.forename = 'Michael' AND T3.surname = 'Schumacher' ORDER BY T2.milliseconds ASC LIMIT 1",formula_1
207,Which was Lewis Hamilton first race? What was his points recorded for his first race event?,"SELECT T2.name ,  T1.points FROM results AS T1 JOIN races AS T2 ON T1.raceId  =  T2.raceId JOIN drivers AS T3 ON T1.driverId  =  T3.driverId WHERE T3.forename  =  'Lewis' AND T3.surname  =  'Hamilton' ORDER BY T2.date LIMIT 1","SELECT T1.name, T2.points FROM races AS T1 INNER JOIN driverStandings AS T2 ON T2.raceId = T1.raceId INNER JOIN drivers AS T3 ON T3.driverId = T2.driverId WHERE T3.forename = 'Lewis' AND T3.surname = 'Hamilton' ORDER BY T1.year ASC LIMIT 1",formula_1
208,"Among all European Grand Prix races, what is the percentage of the races were hosted in Germany?",SELECT CAST(SUM(CASE WHEN T2.country  =  'Germany' THEN 1 ELSE 0 END) AS REAL) * 100 / COUNT(T1.raceId) FROM races AS T1 JOIN circuits AS T2 ON T1.circuitId  =  T2.circuitId WHERE T1.name LIKE '%European Grand Prix%',SELECT CAST(COUNT(CASE WHEN T1.country = 'Germany' THEN T2.circuitID END) AS REAL) * 100 / COUNT(T2.circuitId) FROM circuits AS T1 INNER JOIN races AS T2 ON T2.circuitID = T1.circuitId WHERE T2.name = 'European Grand Prix',formula_1
209,What's the location coordinates of Silverstone Circuit?,"SELECT lat, lng FROM circuits WHERE name = 'Silverstone Circuit'","SELECT lat, lng FROM circuits WHERE name = 'Silverstone Circuit'",formula_1
210,What's the reference name of Marina Bay Street Circuit?,SELECT circuitRef FROM circuits WHERE name = 'Marina Bay Street Circuit',SELECT circuitRef FROM circuits WHERE name = 'Marina Bay Street Circuit',formula_1
211,Which country is the oldest driver from?,SELECT nationality FROM drivers ORDER BY dob ASC LIMIT 1,SELECT nationality FROM drivers WHERE dob IS NOT NULL ORDER BY dob ASC LIMIT 1,formula_1
212,Which driver ranked the first in the Canadian Grand Prix in 2007? Please give his reference name.,SELECT T1.driverRef FROM drivers AS T1 JOIN results AS T2 ON T1.driverId = T2.driverId JOIN races AS T3 ON T2.raceId = T3.raceId WHERE T3.name = 'Canadian Grand Prix' AND T3.year = 2007 AND T2.position = 1,"SELECT T3.forename, T3.surname, T3.driverRef FROM races AS T1 INNER JOIN results AS T2 ON T2.raceId = T1.raceId INNER JOIN drivers AS T3 ON T3.driverId = T2.driverId WHERE T1.name = 'Canadian Grand Prix' AND T2.rank = 1 AND T1.year = 2007",formula_1
213,In which Formula_1 race did Lewis Hamilton rank the highest?,SELECT T3.name FROM drivers AS T1 JOIN results AS T2 ON T1.driverId  =  T2.driverId JOIN races AS T3 ON T2.raceId  =  T3.raceId WHERE T1.forename  =  'Lewis' AND T1.surname  =  'Hamilton' ORDER BY T2.rank ASC LIMIT 1,SELECT name FROM races WHERE raceId IN ( SELECT raceId FROM results WHERE rank = 1 AND driverId = ( SELECT driverId FROM drivers WHERE forename = 'Lewis' AND surname = 'Hamilton' ) ),formula_1
214,What was the fastest lap speed among all drivers in the 2009 Spanish Grand Prix?,SELECT max(T1.fastestLapSpeed) FROM results AS T1 JOIN races AS T2 ON T1.raceId = T2.raceId WHERE T2.YEAR = 2009 AND T2.name = 'Spanish Grand Prix',SELECT T2.fastestLapSpeed FROM races AS T1 INNER JOIN results AS T2 ON T2.raceId = T1.raceId WHERE T1.name = 'Spanish Grand Prix' AND T1.year = 2009 AND T2.fastestLapSpeed IS NOT NULL ORDER BY T2.fastestLapSpeed DESC LIMIT 1,formula_1
215,What was Lewis Hamilton's final rank in the 2008 Chinese Grand Prix?,SELECT T1.rank FROM results AS T1 JOIN drivers AS T2 ON T1.driverId = T2.driverId JOIN races AS T3 ON T1.raceId = T3.raceId WHERE T2.forename = 'Lewis' AND T2.surname = 'Hamilton' AND T3.year = 2008 AND T3.name = 'Chinese Grand Prix',SELECT T2.positionOrder FROM races AS T1 INNER JOIN results AS T2 ON T2.raceId = T1.raceId INNER JOIN drivers AS T3 ON T3.driverId = T2.driverId WHERE T3.forename = 'Lewis' AND T3.surname = 'Hamilton' AND T1.name = 'Chinese Grand Prix' AND T1.year = 2008,formula_1
216,What's the finish time for the driver who ranked second in 2008's AustChineseralian Grand Prix?,SELECT T1.time FROM results AS T1 JOIN races AS T2 ON T1.raceId = T2.raceId WHERE T2.YEAR = 2008 AND T2.name = 'AustChineseralian Grand Prix' AND T1.positionOrder = 2,SELECT T1.time FROM results AS T1 INNER JOIN races AS T2 on T1.raceId = T2.raceId WHERE T1.rank = 2 AND T2.name = 'Chinese Grand Prix' AND T2.year = 2008,formula_1
217,"Among the drivers that finished the race in the 2008 Chinese Grand Prix, how many of them have participated in Formula_1 races?",SELECT count(DISTINCT T1.driverId) FROM results AS T1 JOIN races AS T2 ON T1.raceId  =  T2.raceId JOIN status AS T3 ON T1.statusId  =  T3.statusId WHERE T2.YEAR  =  2008 AND T2.name  =  'Chinese Grand Prix' AND T3.status  =  'Finished',SELECT COUNT(*) FROM ( SELECT T1.driverId FROM results AS T1 INNER JOIN races AS T2 on T1.raceId = T2.raceId WHERE T2.name = 'Chinese Grand Prix' AND T2.year = 2008 AND T1.time IS NOT NULL GROUP BY T1.driverId HAVING COUNT(T2.raceId) > 0 ),formula_1
218,How much faster in percentage is the champion than the driver who finished the race last in the 2008 Australian Grand Prix?,SELECT ( ( MAX(T1.milliseconds) - MIN(T1.milliseconds) ) * 100.0 / MAX(T1.milliseconds) ) FROM results AS T1 JOIN races AS T2 ON T1.raceId = T2.raceId WHERE T2.year = 2008 AND T2.name = 'Australian Grand Prix',"WITH time_in_seconds AS ( SELECT T1.positionOrder, CASE WHEN T1.positionOrder = 1 THEN (CAST(SUBSTR(T1.time, 1, 1) AS REAL) * 3600) + (CAST(SUBSTR(T1.time, 3, 2) AS REAL) * 60) + CAST(SUBSTR(T1.time, 6) AS REAL) ELSE CAST(SUBSTR(T1.time, 2) AS REAL) END AS time_seconds FROM results AS T1 INNER JOIN races AS T2 ON T1.raceId = T2.raceId WHERE T2.name = 'Australian Grand Prix' AND T1.time IS NOT NULL AND T2.year = 2008 ), champion_time AS ( SELECT time_seconds FROM time_in_seconds WHERE positionOrder = 1), last_driver_incremental AS ( SELECT time_seconds FROM time_in_seconds WHERE positionOrder = (SELECT MAX(positionOrder) FROM time_in_seconds) ) SELECT (CAST((SELECT time_seconds FROM last_driver_incremental) AS REAL) * 100) / (SELECT time_seconds + (SELECT time_seconds FROM last_driver_incremental) FROM champion_time)",formula_1
219,"How many circuits are there in Adelaide, Australia?",SELECT count(circuitId) FROM circuits WHERE location = 'Adelaide' AND country = 'Australia',SELECT COUNT(circuitId) FROM circuits WHERE location = 'Adelaide' AND country = 'Australia',formula_1
220,What are the maximum points of British constructors?,SELECT max(T1.points) FROM constructorResults AS T1 JOIN constructors AS T2 ON T1.constructorId = T2.constructorId WHERE T2.nationality = 'British',SELECT MAX(T1.points) FROM constructorStandings AS T1 INNER JOIN constructors AS T2 on T1.constructorId = T2.constructorId WHERE T2.nationality = 'British',formula_1
221,Please list the constructor names with 0 points at race 291.,SELECT T1.name FROM constructors AS T1 JOIN constructorResults AS T2 ON T1.constructorId = T2.constructorId WHERE T2.points = 0 AND T2.raceId = 291,SELECT T2.name FROM constructorStandings AS T1 INNER JOIN constructors AS T2 on T1.constructorId = T2.constructorId WHERE T1.points = 0 AND T1.raceId = 291,formula_1
222,How many Japanese constructors have 0 points in 2 races?,SELECT COUNT(T1.constructorId) FROM constructors AS T1 WHERE T1.nationality = 'Japanese' AND T1.constructorId IN (SELECT constructorId FROM constructorResults WHERE points = 0 GROUP BY constructorId HAVING count(raceId) = 2),SELECT COUNT(T1.raceId) FROM constructorStandings AS T1 INNER JOIN constructors AS T2 on T1.constructorId = T2.constructorId WHERE T1.points = 0 AND T2.nationality = 'Japanese' GROUP BY T1.constructorId HAVING COUNT(raceId) = 2,formula_1
223,Please calculate the race completion percentage of Japanese drivers from 2007 to 2009.,SELECT avg(CASE WHEN T4.status = 'Finished' THEN 1.0 ELSE 0.0 END) * 100 FROM drivers AS T1 JOIN results AS T2 ON T1.driverId  =  T2.driverId JOIN races AS T3 ON T2.raceId  =  T3.raceId JOIN status AS T4 ON T2.statusId  =  T4.statusId WHERE T1.nationality  =  'Japanese' AND T3.year BETWEEN 2007 AND 2009,"SELECT CAST(SUM(IIF(T1.time IS NOT NULL, 1, 0)) AS REAL) * 100 / COUNT(T1.raceId) FROM results AS T1 INNER JOIN races AS T2 on T1.raceId = T2.raceId INNER JOIN drivers AS T3 on T1.driverId = T3.driverId WHERE T3.nationality = 'Japanese' AND T2.year BETWEEN 2007 AND 2009",formula_1
224,"What is the average time in seconds of champion for each year, before year 1975?","SELECT T2.year, avg(T1.milliseconds / 1000.0) FROM results AS T1 JOIN races AS T2 ON T1.raceId = T2.raceId WHERE T1.positionOrder = 1 AND T2.year < 1975 GROUP BY T2.year","WITH time_in_seconds AS ( SELECT T2.year, T2.raceId, T1.positionOrder, CASE WHEN T1.positionOrder = 1 THEN (CAST(SUBSTR(T1.time, 1, 1) AS REAL) * 3600) + (CAST(SUBSTR(T1.time, 3, 2) AS REAL) * 60) + CAST(SUBSTR(T1.time, 6,2) AS REAL )   + CAST(SUBSTR(T1.time, 9) AS REAL)/1000 ELSE 0 END AS time_seconds FROM results AS T1 INNER JOIN races AS T2 ON T1.raceId = T2.raceId WHERE T1.time IS NOT NULL ), champion_time AS ( SELECT year, raceId, time_seconds FROM time_in_seconds WHERE positionOrder = 1 ) SELECT year, AVG(time_seconds) FROM champion_time WHERE year < 1975 GROUP BY year HAVING AVG(time_seconds) IS NOT NULL",formula_1
225,What is the fastest lap number of the champion in 2009?,SELECT T3.lap FROM lapTimes AS T3 JOIN races AS T1 ON T3.raceId = T1.raceId WHERE T1.year = 2009 AND T3.driverId = (SELECT T2.driverId FROM driverStandings AS T2 WHERE T2.raceId = (SELECT raceId FROM races WHERE year = 2009 ORDER BY round DESC LIMIT 1) AND T2.position = 1) ORDER BY T3.milliseconds LIMIT 1,SELECT T1.fastestLap FROM results AS T1 INNER JOIN races AS T2 on T1.raceId = T2.raceId WHERE T2.year = 2009 AND T1.time LIKE '_:%:__.___',formula_1
226,What is the average of fastest lap speed in the 2009 Spanish Grand Prix race?,SELECT avg(T1.fastestLapSpeed) FROM results AS T1 JOIN races AS T2 ON T1.raceId = T2.raceId WHERE T2.YEAR = 2009 AND T2.name = 'Spanish Grand Prix',SELECT AVG(T1.fastestLapSpeed) FROM results AS T1 INNER JOIN races AS T2 on T1.raceId = T2.raceId WHERE T2.year = 2009 AND T2.name = 'Spanish Grand Prix',formula_1
227,"From 2000 to 2005, what percentage of drivers who were born before 1985 and the lap numbers were over 50?",SELECT CAST(COUNT(DISTINCT T1.driverId) AS REAL) * 100 / (SELECT COUNT(DISTINCT T1.driverId) FROM drivers AS T1 JOIN lapTimes AS T2 ON T1.driverId = T2.driverId JOIN races AS T3 ON T2.raceId = T3.raceId WHERE T3.year BETWEEN 2000 AND 2005 AND T1.dob < '1985-01-01') FROM drivers AS T1 JOIN lapTimes AS T2 ON T1.driverId = T2.driverId JOIN races AS T3 ON T2.raceId = T3.raceId WHERE T3.year BETWEEN 2000 AND 2005 AND T1.dob < '1985-01-01' AND T2.lap > 50,"SELECT CAST(SUM(IIF(STRFTIME('%Y', T3.dob) < '1985' AND T1.laps > 50, 1, 0)) AS REAL) * 100 / COUNT(*) FROM results AS T1 INNER JOIN races AS T2 on T1.raceId = T2.raceId INNER JOIN drivers AS T3 on T1.driverId = T3.driverId WHERE T2.year BETWEEN 2000 AND 2005",formula_1
228,How many French drivers who obtain the laptime less than 02:00.00?,SELECT count(DISTINCT T1.driverId) FROM drivers AS T1 JOIN lapTimes AS T2 ON T1.driverId = T2.driverId WHERE T1.nationality = 'French' AND T2.time < '02:00.00',"SELECT COUNT(T1.driverId) FROM drivers AS T1 INNER JOIN lapTimes AS T2 on T1.driverId = T2.driverId WHERE T1.nationality = 'French' AND (CAST(SUBSTR(T2.time, 1, 2) AS INTEGER) * 60 + CAST(SUBSTR(T2.time, 4, 2) AS INTEGER) + CAST(SUBSTR(T2.time, 7, 2) AS REAL) / 1000) < 120",formula_1
229,List out the code for drivers who have nationality in American.,SELECT code FROM drivers WHERE nationality = 'American',SELECT code FROM drivers WHERE Nationality = 'American',formula_1
230,State code numbers of top 3 yougest drivers. How many Netherlandic drivers among them?,SELECT COUNT(T1.driverId) FROM drivers AS T1 WHERE T1.nationality = 'Dutch' AND T1.driverId IN ( SELECT T2.driverId FROM drivers AS T2 ORDER BY T2.dob ASC LIMIT 3 ),SELECT COUNT(*) FROM ( SELECT T1.nationality FROM drivers AS T1 ORDER BY JULIANDAY(T1.dob) DESC LIMIT 3) AS T3 WHERE T3.nationality = 'Dutch',formula_1
231,Please state the reference name of the oldest German driver.,SELECT driverRef FROM drivers WHERE nationality = 'German' ORDER BY dob ASC LIMIT 1,SELECT driverRef FROM drivers WHERE nationality = 'German' ORDER BY JULIANDAY(dob) ASC LIMIT 1,formula_1
232,Which drivers who were born in 1971 and has the fastest lap time on the race? Give id and code of these drivers.,"SELECT DISTINCT T1.driverId ,  T1.code FROM drivers AS T1 JOIN lapTimes AS T2 ON T1.driverId  =  T2.driverId WHERE T1.dob LIKE '1971%' AND T2.milliseconds  =  (SELECT min(milliseconds) FROM lapTimes)","SELECT T2.driverId, T2.code FROM results AS T1 INNER JOIN drivers AS T2 on T1.driverId = T2.driverId WHERE STRFTIME('%Y', T2.dob) = '1971' AND T1.fastestLapTime IS NOT NULL",formula_1
233,"From race no. 50 to 100, how many finishers have been disqualified?",SELECT count(T1.resultId) FROM results AS T1 JOIN status AS T2 ON T1.statusId  =  T2.statusId WHERE T1.raceId BETWEEN 50 AND 100 AND T2.status  =  'Disqualified',"SELECT SUM(IIF(time IS NOT NULL, 1, 0)) FROM results WHERE statusId = 2 AND raceID < 100 AND raceId > 50",formula_1
234,How many times the circuits were held in Austria? Please give their location and coordinates.,"SELECT T2.location, T2.lat, T2.lng, count(T1.raceId) FROM races AS T1 JOIN circuits AS T2 ON T1.circuitId = T2.circuitId WHERE T2.country = 'Austria' GROUP BY T2.circuitId","SELECT DISTINCT location, lat, lng FROM circuits WHERE country = 'Austria'",formula_1
235,"On what year did the youngest driver had his first qualifying race? Also state the name, date and time of the race.","SELECT T1.year ,  T1.name ,  T1.date ,  T1.time FROM races AS T1 JOIN qualifying AS T2 ON T1.raceId  =  T2.raceId JOIN drivers AS T3 ON T2.driverId  =  T3.driverId ORDER BY T3.dob DESC, T1.year ASC, T1.date ASC, T1.time ASC LIMIT 1","SELECT T3.year, T3.name, T3.date, T3.time FROM qualifying AS T1 INNER JOIN drivers AS T2 on T1.driverId = T2.driverId INNER JOIN races AS T3 on T1.raceId = T3.raceId WHERE T1.driverId = ( SELECT driverId FROM drivers ORDER BY dob DESC LIMIT 1 ) ORDER BY T3.date ASC LIMIT 1",formula_1
236,List down top 3 German drivers who has the shortest average pit stop duration and were born between 1980-1985.,"SELECT T1.forename ,  T1.surname FROM drivers AS T1 JOIN pitStops AS T2 ON T1.driverId  =  T2.driverId WHERE T1.nationality  =  'German' AND T1.dob BETWEEN '1980-01-01' AND '1985-12-31' GROUP BY T1.driverId ORDER BY avg(T2.duration) LIMIT 3","SELECT T2.forename, T2.surname FROM pitStops AS T1 INNER JOIN drivers AS T2 on T1.driverId = T2.driverId WHERE T2.nationality = 'German' AND STRFTIME('%Y', T2.dob) BETWEEN '1980' AND '1985' GROUP BY T2.forename, T2.surname ORDER BY AVG(T1.duration) LIMIT 3",formula_1
237,Who is the champion of the Canadian Grand Prix in 2008? Indicate his finish time.,"SELECT T1.forename ,  T1.surname ,  T3.time FROM drivers AS T1 JOIN results AS T3 ON T1.driverId  =  T3.driverId JOIN races AS T2 ON T3.raceId  =  T2.raceId WHERE T2.name  =  'Canadian Grand Prix' AND T2.year  =  2008 AND T3.position  =  1",SELECT T1.time FROM results AS T1 INNER JOIN races AS T2 ON T1.raceId = T2.raceId WHERE T2.name = 'Canadian Grand Prix' AND T2.year = 2008 AND T1.time LIKE '_:%:__.___',formula_1
238,What is the constructor reference name of the champion in the 2009 Singapore Grand Prix? Please give its website.,"SELECT T1.constructorRef ,  T1.url FROM constructors AS T1 JOIN results AS T2 ON T1.constructorId  =  T2.constructorId JOIN races AS T3 ON T2.raceId  =  T3.raceId WHERE T3.YEAR  =  2009 AND T3.name  =  'Singapore Grand Prix' AND T2.positionOrder  =  1","SELECT T3.constructorRef, T3.url FROM results AS T1 INNER JOIN races AS T2 on T1.raceId = T2.raceId INNER JOIN constructors AS T3 on T1.constructorId = T3.constructorId WHERE T2.name = 'Singapore Grand Prix' AND T2.year = 2009 AND T1.time LIKE '_:%:__.___'",formula_1
239,Please list all the superpowers of 3-D Man.,SELECT T3.power_name FROM superhero AS T1 JOIN hero_power AS T2 ON T1.id = T2.hero_id JOIN superpower AS T3 ON T2.power_id = T3.id WHERE T1.superhero_name = '3-D Man',SELECT T3.power_name FROM superhero AS T1 INNER JOIN hero_power AS T2 ON T1.id = T2.hero_id INNER JOIN superpower AS T3 ON T2.power_id = T3.id WHERE T1.superhero_name = '3-D Man',superhero
240,"Which constructor scored most points from Monaco Grand Prix between 1980 and 2010? List the score, name and nationality of this team.","SELECT SUM(T1.points) ,  T3.name ,  T3.nationality FROM constructorResults AS T1 JOIN races AS T2 ON T1.raceId  =  T2.raceId JOIN constructors AS T3 ON T1.constructorId  =  T3.constructorId WHERE T2.name  =  'Monaco Grand Prix' AND T2.year BETWEEN 1980 AND 2010 GROUP BY T3.constructorId ORDER BY SUM(T1.points) DESC LIMIT 1","SELECT SUM(T1.points), T2.name, T2.nationality FROM constructorResults AS T1 INNER JOIN constructors AS T2 ON T1.constructorId = T2.constructorId INNER JOIN races AS T3 ON T3.raceid = T1.raceid WHERE T3.name = 'Monaco Grand Prix' AND T3.year BETWEEN 1980 AND 2010 GROUP BY T2.name ORDER BY SUM(T1.points) DESC LIMIT 1",formula_1
241,What is full name of the racer who ranked 1st in the 3rd qualifying race held in the Marina Bay Street Circuit in 2008?,"SELECT T1.forename ,  T1.surname FROM drivers AS T1 JOIN qualifying AS T2 ON T1.driverId  =  T2.driverId JOIN races AS T3 ON T2.raceId  =  T3.raceId JOIN circuits AS T4 ON T3.circuitId  =  T4.circuitId WHERE T2.position  =  1 AND T3.round  =  3 AND T4.name  =  'Marina Bay Street Circuit' AND T3.year  =  2008","SELECT T2.forename, T2.surname FROM qualifying AS T1 INNER JOIN drivers AS T2 on T1.driverId = T2.driverId INNER JOIN races AS T3 ON T1.raceid = T3.raceid WHERE q3 IS NOT NULL AND T3.year = 2008 AND T3.circuitId IN ( SELECT circuitId FROM circuits WHERE name = 'Marina Bay Street Circuit' ) ORDER BY CAST(SUBSTR(q3, 1, INSTR(q3, ':') - 1) AS INTEGER) * 60 + CAST(SUBSTR(q3, INSTR(q3, ':') + 1, INSTR(q3, '.') - INSTR(q3, ':') - 1) AS REAL) + CAST(SUBSTR(q3, INSTR(q3, '.') + 1) AS REAL) / 1000 ASC LIMIT 1",formula_1
242,"As of the present, what is the full name of the youngest racer? Indicate her nationality and the name of the race to which he/she first joined.","SELECT T1.forename ,  T1.surname ,  T1.nationality ,  T3.name FROM drivers AS T1 JOIN results AS T2 ON T1.driverId  =  T2.driverId JOIN races AS T3 ON T2.raceId  =  T3.raceId WHERE T1.driverId  =  (SELECT driverId FROM drivers ORDER BY dob DESC LIMIT 1) ORDER BY T3.date ASC LIMIT 1","SELECT T1.forename, T1.surname, T1.nationality, T3.name FROM drivers AS T1 INNER JOIN driverStandings AS T2 on T1.driverId = T2.driverId INNER JOIN races AS T3 on T2.raceId = T3.raceId ORDER BY JULIANDAY(T1.dob) DESC LIMIT 1",formula_1
243,How many accidents did the driver who had the highest number accidents in the Canadian Grand Prix have?,SELECT COUNT(*) FROM results AS T1 JOIN races AS T2 ON T1.raceId = T2.raceId JOIN status AS T3 ON T1.statusId = T3.statusId WHERE T2.name = 'Canadian Grand Prix' AND T3.status = 'Accident' GROUP BY T1.driverId ORDER BY COUNT(*) DESC LIMIT 1,SELECT COUNT(T1.driverId) FROM results AS T1 INNER JOIN races AS T2 on T1.raceId = T2.raceId INNER JOIN status AS T3 on T1.statusId = T3.statusId WHERE T3.statusId = 3 AND T2.name = 'Canadian Grand Prix' GROUP BY T1.driverId ORDER BY COUNT(T1.driverId) DESC LIMIT 1,formula_1
244,Which top 20 driver created the shortest lap time ever record in a Formula_1 race? Please give them full names.,"SELECT T1.forename, T1.surname FROM drivers AS T1 JOIN lapTimes AS T2 ON T1.driverId = T2.driverId GROUP BY T1.driverId ORDER BY MIN(T2.time) ASC LIMIT 20","WITH lap_times_in_seconds AS (SELECT driverId, (CASE WHEN SUBSTR(time, 1, INSTR(time, ':') - 1) <> '' THEN CAST(SUBSTR(time, 1, INSTR(time, ':') - 1) AS REAL) * 60 ELSE 0 END + CASE WHEN SUBSTR(time, INSTR(time, ':') + 1, INSTR(time, '.') - INSTR(time, ':') - 1) <> '' THEN CAST(SUBSTR(time, INSTR(time, ':') + 1, INSTR(time, '.') - INSTR(time, ':') - 1) AS REAL) ELSE 0 END + CASE WHEN SUBSTR(time, INSTR(time, '.') + 1) <> '' THEN CAST(SUBSTR(time, INSTR(time, '.') + 1) AS REAL) / 1000 ELSE 0 END) AS time_in_seconds FROM lapTimes) SELECT T2.forename, T2.surname, T1.driverId FROM (SELECT driverId, MIN(time_in_seconds) AS min_time_in_seconds FROM lap_times_in_seconds GROUP BY driverId) AS T1 INNER JOIN drivers AS T2 ON T1.driverId = T2.driverId ORDER BY T1.min_time_in_seconds ASC LIMIT 20",formula_1
245,Please list the lap records for the circuits in Italy.,"SELECT T3.name, MIN(T1.milliseconds) AS fastest_lap_milliseconds FROM lapTimes AS T1 JOIN races AS T2 ON T1.raceId = T2.raceId JOIN circuits AS T3 ON T2.circuitId = T3.circuitId WHERE T3.country = 'Italy' GROUP BY T3.name","WITH fastest_lap_times AS (SELECT T1.raceId, T1.FastestLapTime, (CAST(SUBSTR(T1.FastestLapTime, 1, INSTR(T1.FastestLapTime, ':') - 1) AS REAL) * 60) + (CAST(SUBSTR(T1.FastestLapTime, INSTR(T1.FastestLapTime, ':') + 1, INSTR(T1.FastestLapTime, '.') - INSTR(T1.FastestLapTime, ':') - 1) AS REAL)) + (CAST(SUBSTR(T1.FastestLapTime, INSTR(T1.FastestLapTime, '.') + 1) AS REAL) / 1000) as time_in_seconds FROM results AS T1 WHERE T1.FastestLapTime IS NOT NULL ) SELECT T1.FastestLapTime as lap_record FROM results AS T1 INNER JOIN races AS T2 on T1.raceId = T2.raceId INNER JOIN circuits AS T3 on T2.circuitId = T3.circuitId INNER JOIN (SELECT MIN(fastest_lap_times.time_in_seconds) as min_time_in_seconds FROM fastest_lap_times INNER JOIN races AS T2 on fastest_lap_times.raceId = T2.raceId INNER JOIN circuits AS T3 on T2.circuitId = T3.circuitId WHERE T3.country = 'Italy' ) AS T4 ON (CAST(SUBSTR(T1.FastestLapTime, 1, INSTR(T1.FastestLapTime, ':') - 1) AS REAL) * 60) + (CAST(SUBSTR(T1.FastestLapTime, INSTR(T1.FastestLapTime, ':') + 1, INSTR(T1.FastestLapTime, '.') - INSTR(T1.FastestLapTime, ':') - 1) AS REAL)) + (CAST(SUBSTR(T1.FastestLapTime, INSTR(T1.FastestLapTime, '.') + 1) AS REAL) / 1000) = T4.min_time_in_seconds LIMIT 1",formula_1
246,"Among the superheroes with the super power of ""Super Strength"", how many of them have a height of over 200cm?",SELECT count(T1.id) FROM superhero AS T1 JOIN hero_power AS T2 ON T1.id  =  T2.hero_id JOIN superpower AS T3 ON T2.power_id  =  T3.id WHERE T3.power_name  =  'Super Strength' AND T1.height_cm  >  200,SELECT COUNT(T1.id) FROM superhero AS T1 INNER JOIN hero_power AS T2 ON T1.id = T2.hero_id INNER JOIN superpower AS T3 ON T2.power_id = T3.id WHERE T3.power_name = 'Super Strength' AND T1.height_cm > 200,superhero
247,"Among the superheroes with blue eyes, how many of them have the super power of ""Agility""?",SELECT count(T1.id) FROM superhero AS T1 JOIN colour AS T2 ON T1.eye_colour_id  =  T2.id JOIN hero_power AS T3 ON T1.id  =  T3.hero_id JOIN superpower AS T4 ON T3.power_id  =  T4.id WHERE T2.colour  =  'blue' AND T4.power_name  =  'Agility',SELECT COUNT(T1.id) FROM superhero AS T1 INNER JOIN hero_power AS T2 ON T1.id = T2.hero_id INNER JOIN superpower AS T3 ON T2.power_id = T3.id INNER JOIN colour AS T4 ON T1.eye_colour_id = T4.id WHERE T3.power_name = 'Agility' AND T4.colour = 'Blue',superhero
248,Please list the superhero names of all the superheroes that have blue eyes and blond hair.,SELECT T1.superhero_name FROM superhero AS T1 JOIN colour AS T2 ON T1.eye_colour_id  =  T2.id JOIN colour AS T3 ON T1.hair_colour_id  =  T3.id WHERE T2.colour  =  'Blue' AND T3.colour  =  'Blond',SELECT T1.superhero_name FROM superhero AS T1 INNER JOIN colour AS T2 ON T1.eye_colour_id = T2.id INNER JOIN colour AS T3 ON T1.hair_colour_id = T3.id WHERE T2.colour = 'Blue' AND T3.colour = 'Blond',superhero
249,Rank heroes published by Marvel Comics by their height in descending order.,"SELECT T1.superhero_name ,  T1.height_cm FROM superhero AS T1 JOIN publisher AS T2 ON T1.publisher_id  =  T2.id WHERE T2.publisher_name  =  'Marvel Comics' ORDER BY T1.height_cm DESC","SELECT superhero_name, height_cm, RANK() OVER (ORDER BY height_cm DESC) AS HeightRank FROM superhero INNER JOIN publisher ON superhero.publisher_id = publisher.id WHERE publisher.publisher_name = 'Marvel Comics'",superhero
250,"Rank superheroes from Marvel Comics by their eye color popularity, starting with the most common color.","SELECT T3.colour ,  count(T1.id) FROM superhero AS T1 JOIN publisher AS T2 ON T1.publisher_id  =  T2.id JOIN colour AS T3 ON T1.eye_colour_id  =  T3.id WHERE T2.publisher_name  =  'Marvel Comics' GROUP BY T3.colour ORDER BY count(T1.id) DESC","SELECT colour.colour AS EyeColor, COUNT(superhero.id) AS Count, RANK() OVER (ORDER BY COUNT(superhero.id) DESC) AS PopularityRank FROM superhero INNER JOIN colour ON superhero.eye_colour_id = colour.id INNER JOIN publisher ON superhero.publisher_id = publisher.id WHERE publisher.publisher_name = 'Marvel Comics' GROUP BY colour.colour",superhero
251,List the superheroes from Marvel Comics who have the super power of 'Super Strength'.,SELECT T1.superhero_name FROM superhero AS T1 JOIN publisher AS T2 ON T1.publisher_id  =  T2.id JOIN hero_power AS T3 ON T1.id  =  T3.hero_id JOIN superpower AS T4 ON T3.power_id  =  T4.id WHERE T2.publisher_name  =  'Marvel Comics' AND T4.power_name  =  'Super Strength',SELECT superhero_name FROM superhero AS T1 WHERE EXISTS (SELECT 1 FROM hero_power AS T2 INNER JOIN superpower AS T3 ON T2.power_id = T3.id WHERE T3.power_name = 'Super Strength' AND T1.id = T2.hero_id)AND EXISTS (SELECT 1 FROM publisher AS T4 WHERE T4.publisher_name = 'Marvel Comics' AND T1.publisher_id = T4.id),superhero
252,Which publisher published the slowest superhero?,SELECT T4.publisher_name FROM hero_attribute AS T1 JOIN attribute AS T2 ON T1.attribute_id  =  T2.id JOIN superhero AS T3 ON T1.hero_id  =  T3.id JOIN publisher AS T4 ON T3.publisher_id  =  T4.id WHERE T2.attribute_name  =  'Speed' ORDER BY T1.attribute_value ASC LIMIT 1,SELECT T2.publisher_name FROM superhero AS T1 INNER JOIN publisher AS T2 ON T1.publisher_id = T2.id INNER JOIN hero_attribute AS T3 ON T1.id = T3.hero_id INNER JOIN attribute AS T4 ON T3.attribute_id = T4.id WHERE T4.attribute_name = 'Speed' ORDER BY T3.attribute_value LIMIT 1,superhero
253,How many gold-eyed superheroes did Marvel Comics publish?,SELECT count(T1.id) FROM superhero AS T1 JOIN colour AS T2 ON T1.eye_colour_id  =  T2.id JOIN publisher AS T3 ON T1.publisher_id  =  T3.id WHERE T2.colour  =  'Gold' AND T3.publisher_name  =  'Marvel Comics',SELECT COUNT(T1.id) FROM superhero AS T1 INNER JOIN publisher AS T2 ON T1.publisher_id = T2.id INNER JOIN colour AS T3 ON T1.eye_colour_id = T3.id WHERE T2.publisher_name = 'Marvel Comics' AND T3.colour = 'Gold',superhero
254,Who is the dumbest superhero?,SELECT T1.superhero_name FROM superhero AS T1 JOIN hero_attribute AS T2 ON T1.id = T2.hero_id JOIN attribute AS T3 ON T2.attribute_id = T3.id WHERE T3.attribute_name = 'Intelligence' ORDER BY T2.attribute_value ASC LIMIT 1,SELECT T1.superhero_name FROM superhero AS T1 INNER JOIN hero_attribute AS T2 ON T1.id = T2.hero_id INNER JOIN attribute AS T3 ON T2.attribute_id = T3.id WHERE T3.attribute_name = 'Intelligence' ORDER BY T2.attribute_value LIMIT 1,superhero
255,What is Copycat's race?,SELECT T2.race FROM superhero AS T1 JOIN race AS T2 ON T1.race_id = T2.id WHERE T1.superhero_name = 'Copycat',SELECT T2.race FROM superhero AS T1 INNER JOIN race AS T2 ON T1.race_id = T2.id WHERE T1.superhero_name = 'Copycat',superhero
256,Which superheroes have a durability attribute value of less than 50?,SELECT T1.superhero_name FROM superhero AS T1 JOIN hero_attribute AS T2 ON T1.id  =  T2.hero_id JOIN attribute AS T3 ON T2.attribute_id  =  T3.id WHERE T3.attribute_name  =  'Durability' AND T2.attribute_value  <  50,SELECT superhero_name FROM superhero AS T1 WHERE EXISTS (SELECT 1 FROM hero_attribute AS T2 INNER JOIN attribute AS T3 ON T2.attribute_id = T3.id WHERE T3.attribute_name = 'Durability' AND T2.attribute_value < 50 AND T1.id = T2.hero_id),superhero
257,What are the names of the superheroes with the power of death touch?,SELECT T1.superhero_name FROM superhero AS T1 JOIN hero_power AS T2 ON T1.id  =  T2.hero_id JOIN superpower AS T3 ON T2.power_id  =  T3.id WHERE T3.power_name  =  'Death Touch',SELECT T1.superhero_name FROM superhero AS T1 INNER JOIN hero_power AS T2 ON T1.id = T2.hero_id INNER JOIN superpower AS T3 ON T2.power_id = T3.id WHERE T3.power_name = 'Death Touch',superhero
258,How many female superheroes have a strength value of 100?,SELECT count(T1.id) FROM superhero AS T1 JOIN gender AS T2 ON T1.gender_id = T2.id JOIN hero_attribute AS T3 ON T1.id = T3.hero_id JOIN attribute AS T4 ON T3.attribute_id = T4.id WHERE T2.gender = 'Female' AND T4.attribute_name = 'Strength' AND T3.attribute_value = 100,SELECT COUNT(T1.id) FROM superhero AS T1 INNER JOIN hero_attribute AS T2 ON T1.id = T2.hero_id INNER JOIN attribute AS T3 ON T2.attribute_id = T3.id INNER JOIN gender AS T4 ON T1.gender_id = T4.id WHERE T3.attribute_name = 'Strength' AND T2.attribute_value = 100 AND T4.gender = 'Female',superhero
259,What is the percentage of superheroes who act in their own self-interest or make decisions based on their own moral code? Indicate how many of the said superheroes were published by Marvel Comics.,"SELECT CAST(SUM(CASE WHEN T2.alignment = 'Neutral' THEN 1 ELSE 0 END) AS REAL) * 100 / COUNT(T1.id) ,  SUM(CASE WHEN T2.alignment = 'Neutral' AND T3.publisher_name = 'Marvel Comics' THEN 1 ELSE 0 END) FROM superhero AS T1 JOIN alignment AS T2 ON T1.alignment_id  =  T2.id JOIN publisher AS T3 ON T1.publisher_id  =  T3.id","SELECT (CAST(COUNT(*) AS REAL) * 100 / (SELECT COUNT(*) FROM superhero)), CAST(SUM(CASE WHEN T2.publisher_name = 'Marvel Comics' THEN 1 ELSE 0 END) AS REAL) FROM superhero AS T1 INNER JOIN publisher AS T2 ON T1.publisher_id = T2.id INNER JOIN alignment AS T3 ON T3.id = T1.alignment_id WHERE T3.alignment = 'Bad'",superhero
260,"Between DC and Marvel Comics, which publisher has published more superheroes? Find the difference in the number of superheroes they have published.","SELECT CASE WHEN (SELECT COUNT(T1.id) FROM superhero AS T1 JOIN publisher AS T2 ON T1.publisher_id = T2.id WHERE T2.publisher_name = 'DC Comics') > (SELECT COUNT(T1.id) FROM superhero AS T1 JOIN publisher AS T2 ON T1.publisher_id = T2.id WHERE T2.publisher_name = 'Marvel Comics') THEN 'DC Comics' ELSE 'Marvel Comics' END, ABS((SELECT COUNT(T1.id) FROM superhero AS T1 JOIN publisher AS T2 ON T1.publisher_id = T2.id WHERE T2.publisher_name = 'DC Comics') - (SELECT COUNT(T1.id) FROM superhero AS T1 JOIN publisher AS T2 ON T1.publisher_id = T2.id WHERE T2.publisher_name = 'Marvel Comics'))",SELECT SUM(CASE WHEN T2.publisher_name = 'Marvel Comics' THEN 1 ELSE 0 END) - SUM(CASE WHEN T2.publisher_name = 'DC Comics' THEN 1 ELSE 0 END) FROM superhero AS T1 INNER JOIN publisher AS T2 ON T1.publisher_id = T2.id,superhero
261,Give the publisher ID of Star Trek.,SELECT id FROM publisher WHERE publisher_name = 'Star Trek',SELECT id FROM publisher WHERE publisher_name = 'Star Trek',superhero
262,What is the total number of superheroes without full name?,SELECT count(*) FROM superhero WHERE full_name IS NULL OR full_name = '',SELECT COUNT(id) FROM superhero WHERE full_name IS NULL,superhero
263,What is the average weight of all female superheroes?,SELECT avg(T1.weight_kg) FROM superhero AS T1 JOIN gender AS T2 ON T1.gender_id = T2.id WHERE T2.gender = 'Female',SELECT AVG(T1.weight_kg) FROM superhero AS T1 INNER JOIN gender AS T2 ON T1.gender_id = T2.id WHERE T2.gender = 'Female',superhero
264,List down at least five superpowers of male superheroes.,SELECT DISTINCT T4.power_name FROM superhero AS T1 JOIN gender AS T2 ON T1.gender_id = T2.id JOIN hero_power AS T3 ON T1.id = T3.hero_id JOIN superpower AS T4 ON T3.power_id = T4.id WHERE T2.gender = 'Male' LIMIT 5,SELECT T3.power_name FROM superhero AS T1 INNER JOIN hero_power AS T2 ON T1.id = T2.hero_id INNER JOIN superpower AS T3 ON T3.id = T2.power_id INNER JOIN gender AS T4 ON T4.id = T1.gender_id WHERE T4.gender = 'Male' LIMIT 5,superhero
265,"Among the superheroes with height from 170 to 190, list the names of the superheroes with no eye color.",SELECT superhero_name FROM superhero WHERE height_cm BETWEEN 170 AND 190 AND eye_colour_id IS NULL,SELECT DISTINCT T1.superhero_name FROM superhero AS T1 INNER JOIN colour AS T2 ON T1.eye_colour_id = T2.id WHERE T1.height_cm BETWEEN 170 AND 190 AND T2.colour = 'No Colour',superhero
266,Provide the hair colour of the human superhero who is 185 cm tall.,SELECT T2.colour FROM superhero AS T1 JOIN colour AS T2 ON T1.hair_colour_id  =  T2.id JOIN race AS T3 ON T1.race_id  =  T3.id WHERE T3.race  =  'Human' AND T1.height_cm  =  185,SELECT DISTINCT T3.colour FROM superhero AS T1 INNER JOIN race AS T2 ON T1.race_id = T2.id INNER JOIN colour AS T3 ON T1.hair_colour_id = T3.id WHERE T1.height_cm = 185 AND T2.race = 'Human',superhero
267,"In superheroes with height between 150 to 180, what is the percentage of heroes published by Marvel Comics?",SELECT CAST(SUM(CASE WHEN T2.publisher_name = 'Marvel Comics' THEN 1 ELSE 0 END) AS REAL) * 100 / COUNT(T1.id) FROM superhero AS T1 JOIN publisher AS T2 ON T1.publisher_id = T2.id WHERE T1.height_cm BETWEEN 150 AND 180,SELECT CAST(COUNT(CASE WHEN T2.publisher_name = 'Marvel Comics' THEN 1 ELSE NULL END) AS REAL) * 100 / COUNT(T1.id) FROM superhero AS T1 INNER JOIN publisher AS T2 ON T1.publisher_id = T2.id WHERE T1.height_cm BETWEEN 150 AND 180,superhero
268,"Among the male superheroes, list the super hero names of superheroes with weight greater than the 79% average weight of all superheroes.",SELECT T1.superhero_name FROM superhero AS T1 JOIN gender AS T2 ON T1.gender_id  =  T2.id WHERE T2.gender  =  'Male' AND T1.weight_kg  >  (SELECT 0.79 * AVG(weight_kg) FROM superhero),SELECT T1.superhero_name FROM superhero AS T1 INNER JOIN gender AS T2 ON T1.gender_id = T2.id WHERE T2.gender = 'Male' AND T1.weight_kg * 100 > ( SELECT AVG(weight_kg) FROM superhero ) * 79,superhero
269,What are the superpowers of heroes with ID 1?,SELECT T1.power_name FROM superpower AS T1 JOIN hero_power AS T2 ON T1.id = T2.power_id WHERE T2.hero_id = 1,SELECT DISTINCT T2.power_name FROM hero_power AS T1 INNER JOIN superpower AS T2 ON T1.power_id = T2.id WHERE T1.hero_id = 1,superhero
270,How many heroes have stealth power?,SELECT count(DISTINCT T1.id) FROM superhero AS T1 JOIN hero_power AS T2 ON T1.id  =  T2.hero_id JOIN superpower AS T3 ON T2.power_id  =  T3.id WHERE T3.power_name  =  'Stealth',SELECT COUNT(T1.hero_id) FROM hero_power AS T1 INNER JOIN superpower AS T2 ON T1.power_id = T2.id WHERE T2.power_name = 'Stealth',superhero
271,What is the hero's full name with the highest attribute in strength?,SELECT T1.full_name FROM superhero AS T1 JOIN hero_attribute AS T2 ON T1.id  =  T2.hero_id JOIN attribute AS T3 ON T2.attribute_id  =  T3.id WHERE T3.attribute_name  =  'Strength' ORDER BY T2.attribute_value DESC LIMIT 1,SELECT T1.full_name FROM superhero AS T1 INNER JOIN hero_attribute AS T2 ON T1.id = T2.hero_id INNER JOIN attribute AS T3 ON T2.attribute_id = T3.id WHERE T3.attribute_name = 'Strength' ORDER BY T2.attribute_value DESC LIMIT 1,superhero
272,Which superhero has the most durability published by Dark Horse Comics?,SELECT T1.superhero_name FROM superhero AS T1 JOIN hero_attribute AS T2 ON T1.id = T2.hero_id JOIN attribute AS T3 ON T2.attribute_id = T3.id JOIN publisher AS T4 ON T1.publisher_id = T4.id WHERE T3.attribute_name = 'Durability' AND T4.publisher_name = 'Dark Horse Comics' ORDER BY T2.attribute_value DESC LIMIT 1,SELECT T1.superhero_name FROM superhero AS T1 INNER JOIN hero_attribute AS T2 ON T1.id = T2.hero_id INNER JOIN attribute AS T3 ON T3.id = T2.attribute_id INNER JOIN publisher AS T4 ON T4.id = T1.publisher_id WHERE T4.publisher_name = 'Dark Horse Comics' AND T3.attribute_name = 'Durability' ORDER BY T2.attribute_value DESC LIMIT 1,superhero
273,"List the eyes, hair and skin colour of all female superheroes published by Dark Horse Comics.","SELECT T2.colour ,  T3.colour ,  T4.colour FROM superhero AS T1 JOIN colour AS T2 ON T1.eye_colour_id  =  T2.id JOIN colour AS T3 ON T1.hair_colour_id  =  T3.id JOIN colour AS T4 ON T1.skin_colour_id  =  T4.id JOIN gender AS T5 ON T1.gender_id  =  T5.id JOIN publisher AS T6 ON T1.publisher_id  =  T6.id WHERE T5.gender  =  'Female' AND T6.publisher_name  =  'Dark Horse Comics'","SELECT T1.eye_colour_id, T1.hair_colour_id, T1.skin_colour_id FROM superhero AS T1 INNER JOIN publisher AS T2 ON T2.id = T1.publisher_id INNER JOIN gender AS T3 ON T3.id = T1.gender_id WHERE T2.publisher_name = 'Dark Horse Comics' AND T3.gender = 'Female'",superhero
274,"Which superhero has the same eyes, hair and skin colour? Indicate the publisher of the superhero.","SELECT T1.superhero_name ,  T2.publisher_name FROM superhero AS T1 JOIN publisher AS T2 ON T1.publisher_id  =  T2.id WHERE T1.eye_colour_id  =  T1.hair_colour_id AND T1.hair_colour_id  =  T1.skin_colour_id","SELECT T1.superhero_name, T2.publisher_name FROM superhero AS T1 INNER JOIN publisher AS T2 ON T1.publisher_id = T2.id WHERE T1.eye_colour_id = T1.hair_colour_id AND T1.eye_colour_id = T1.skin_colour_id",superhero
275,What is the percentage of blue female superheroes among all female superheroes?,SELECT CAST(COUNT(T1.id) AS REAL) * 100 / (SELECT COUNT(T1.id) FROM superhero AS T1 JOIN gender AS T2 ON T1.gender_id  =  T2.id WHERE T2.gender  =  'Female') FROM superhero AS T1 JOIN gender AS T2 ON T1.gender_id  =  T2.id JOIN colour AS T3 ON T1.eye_colour_id  =  T3.id WHERE T2.gender  =  'Female' AND T3.colour  =  'Blue',SELECT CAST(COUNT(CASE WHEN T3.colour = 'Blue' THEN T1.id ELSE NULL END) AS REAL) * 100 / COUNT(T1.id) FROM superhero AS T1 INNER JOIN gender AS T2 ON T1.gender_id = T2.id INNER JOIN colour AS T3 ON T1.skin_colour_id = T3.id WHERE T2.gender = 'Female',superhero
276,How many powers does Amazo hero have?,SELECT count(T2.power_id) FROM superhero AS T1 JOIN hero_power AS T2 ON T1.id  =  T2.hero_id WHERE T1.superhero_name  =  'Amazo',SELECT COUNT(T1.power_id) FROM hero_power AS T1 INNER JOIN superhero AS T2 ON T1.hero_id = T2.id WHERE T2.superhero_name = 'Amazo',superhero
277,Provide the heights of the heroes whose eye colours are amber.,SELECT T1.height_cm FROM superhero AS T1 JOIN colour AS T2 ON T1.eye_colour_id = T2.id WHERE T2.colour = 'Amber',SELECT T1.height_cm FROM superhero AS T1 INNER JOIN colour AS T2 ON T1.eye_colour_id = T2.id WHERE T2.colour = 'Amber',superhero
278,List the heroes' names whose eyes and hair colours are both black.,SELECT T1.superhero_name FROM superhero AS T1 JOIN colour AS T2 ON T1.eye_colour_id = T2.id JOIN colour AS T3 ON T1.hair_colour_id = T3.id WHERE T2.colour = 'Black' AND T3.colour = 'Black',SELECT T1.superhero_name FROM superhero AS T1 INNER JOIN colour AS T2 ON T1.eye_colour_id = T2.id AND T1.hair_colour_id = T2.id WHERE T2.colour = 'Black',superhero
279,Describe the names of neutral alignment superheroes.,SELECT T1.superhero_name FROM superhero AS T1 JOIN alignment AS T2 ON T1.alignment_id = T2.id WHERE T2.alignment = 'Neutral',SELECT T1.superhero_name FROM superhero AS T1 INNER JOIN alignment AS T2 ON T1.alignment_id = T2.id WHERE T2.alignment = 'Neutral',superhero
280,How many heroes have the highest attribute value in strength?,SELECT count(T1.hero_id) FROM hero_attribute AS T1 JOIN attribute AS T2 ON T1.attribute_id  =  T2.id WHERE T2.attribute_name  =  'Strength' AND T1.attribute_value  =  (SELECT max(T1.attribute_value) FROM hero_attribute AS T1 JOIN attribute AS T2 ON T1.attribute_id  =  T2.id WHERE T2.attribute_name  =  'Strength'),SELECT COUNT(T1.hero_id) FROM hero_attribute AS T1 INNER JOIN attribute AS T2 ON T1.attribute_id = T2.id WHERE T2.attribute_name = 'Strength' AND T1.attribute_value = ( SELECT MAX(attribute_value) FROM hero_attribute ),superhero
281,How many percent of female heroes were published by Marvel Comics?,SELECT CAST(SUM(CASE WHEN T3.publisher_name  =  'Marvel Comics' THEN 1 ELSE 0 END) AS REAL) * 100 / COUNT(T1.id) FROM superhero AS T1 JOIN gender AS T2 ON T1.gender_id  =  T2.id JOIN publisher AS T3 ON T1.publisher_id  =  T3.id WHERE T2.gender  =  'Female',SELECT CAST(COUNT(CASE WHEN T3.gender = 'Female' AND T2.publisher_name = 'Marvel Comics' THEN 1 ELSE NULL END) AS REAL) / COUNT(CASE WHEN T2.publisher_name = 'Marvel Comics' THEN 1 ELSE NULL END) * 100 FROM superhero AS T1 INNER JOIN publisher AS T2 ON T1.publisher_id = T2.id INNER JOIN gender AS T3 ON T1.gender_id = T3.id,superhero
282,Calculate the difference between Emil Blonsky's weight and Charles Chandler's weight.,SELECT (SELECT weight_kg FROM superhero WHERE full_name = 'Emil Blonsky') - (SELECT weight_kg FROM superhero WHERE full_name = 'Charles Chandler'),SELECT ( SELECT weight_kg FROM superhero WHERE full_name LIKE 'Emil Blonsky' ) - ( SELECT weight_kg FROM superhero WHERE full_name LIKE 'Charles Chandler' ) AS CALCULATE,superhero
283,Calculate the average height for all superhero.,SELECT AVG(height_cm) FROM superhero,SELECT CAST(SUM(height_cm) AS REAL) / COUNT(id) FROM superhero,superhero
284,What is Abomination's superpower?,SELECT T3.power_name FROM superhero AS T1 JOIN hero_power AS T2 ON T1.id  =  T2.hero_id JOIN superpower AS T3 ON T2.power_id  =  T3.id WHERE T1.superhero_name  =  'Abomination',SELECT T3.power_name FROM superhero AS T1 INNER JOIN hero_power AS T2 ON T1.id = T2.hero_id INNER JOIN superpower AS T3 ON T2.power_id = T3.id WHERE T1.superhero_name = 'Abomination',superhero
285,Which hero was the fastest?,SELECT T1.superhero_name FROM superhero AS T1 JOIN hero_attribute AS T2 ON T1.id  =  T2.hero_id JOIN attribute AS T3 ON T2.attribute_id  =  T3.id WHERE T3.attribute_name  =  'Speed' ORDER BY T2.attribute_value DESC LIMIT 1,SELECT T1.superhero_name FROM superhero AS T1 INNER JOIN hero_attribute AS T2 ON T1.id = T2.hero_id INNER JOIN attribute AS T3 ON T2.attribute_id = T3.id WHERE T3.attribute_name = 'Speed' ORDER BY T2.attribute_value DESC LIMIT 1,superhero
286,State all of 3-D Man's attributes along with their values.,"SELECT T2.attribute_name ,  T1.attribute_value FROM hero_attribute AS T1 JOIN attribute AS T2 ON T1.attribute_id  =  T2.id JOIN superhero AS T3 ON T1.hero_id  =  T3.id WHERE T3.superhero_name  =  '3-D Man'","SELECT T3.attribute_name, T2.attribute_value FROM superhero AS T1 INNER JOIN hero_attribute AS T2 ON T1.id = T2.hero_id INNER JOIN attribute AS T3 ON T2.attribute_id = T3.id WHERE T1.superhero_name = '3-D Man'",superhero
287,Which superheroes have blue eyes with brown hair?,SELECT T1.superhero_name FROM superhero AS T1 JOIN colour AS T2 ON T1.eye_colour_id = T2.id JOIN colour AS T3 ON T1.hair_colour_id = T3.id WHERE T2.colour = 'Blue' AND T3.colour = 'Brown',SELECT T1.superhero_name FROM superhero AS T1 INNER JOIN colour AS T2 ON T1.eye_colour_id = T2.id INNER JOIN colour AS T3 ON T1.hair_colour_id = T3.id WHERE T2.colour = 'Blue' AND T3.colour = 'Brown',superhero
288,"What is the publisher for Hawkman, Karate Kid and Speedy?","SELECT T2.publisher_name FROM superhero AS T1 JOIN publisher AS T2 ON T1.publisher_id = T2.id WHERE T1.superhero_name IN ('Hawkman', 'Karate Kid', 'Speedy')","SELECT T2.publisher_name FROM superhero AS T1 INNER JOIN publisher AS T2 ON T1.publisher_id = T2.id WHERE T1.superhero_name IN ('Hawkman', 'Karate Kid', 'Speedy')",superhero
289,Calculate the percentage of superheroes with blue eyes.,SELECT CAST(SUM(CASE WHEN T2.colour = 'Blue' THEN 1 ELSE 0 END) AS REAL) * 100 / COUNT(T1.id) FROM superhero AS T1 JOIN colour AS T2 ON T1.eye_colour_id = T2.id,SELECT CAST(COUNT(CASE WHEN T2.colour = 'Blue' THEN 1 ELSE NULL END) AS REAL) * 100 / COUNT(T1.id) FROM superhero AS T1 INNER JOIN colour AS T2 ON T1.eye_colour_id = T2.id,superhero
290,Find the ratio between male superheroes and female superheroes.,SELECT CAST(SUM(CASE WHEN T2.gender = 'Male' THEN 1 ELSE 0 END) AS REAL) / SUM(CASE WHEN T2.gender = 'Female' THEN 1 ELSE 0 END) FROM superhero AS T1 JOIN gender AS T2 ON T1.gender_id = T2.id,SELECT CAST(COUNT(CASE WHEN T2.gender = 'Male' THEN T1.id ELSE NULL END) AS REAL) / COUNT(CASE WHEN T2.gender = 'Female' THEN T1.id ELSE NULL END) FROM superhero AS T1 INNER JOIN gender AS T2 ON T1.gender_id = T2.id,superhero
291,Provide the eye colour of the superhero who has Karen Beecher-Duncan as their full name.,SELECT T2.colour FROM superhero AS T1 JOIN colour AS T2 ON T1.eye_colour_id = T2.id WHERE T1.full_name = 'Karen Beecher-Duncan',SELECT T2.colour FROM superhero AS T1 INNER JOIN colour AS T2 ON T1.eye_colour_id = T2.id WHERE T1.full_name = 'Karen Beecher-Duncan',superhero
292,"In superheroes with missing weight data, calculate the difference between the number of superheroes with blue eyes and no eye color.",SELECT (SELECT COUNT(T1.id) FROM superhero AS T1 JOIN colour AS T2 ON T1.eye_colour_id  =  T2.id WHERE T1.weight_kg IS NULL AND T2.colour  =  'Blue') - (SELECT COUNT(T1.id) FROM superhero AS T1 JOIN colour AS T2 ON T1.eye_colour_id  =  T2.id WHERE T1.weight_kg IS NULL AND T2.colour  =  'No Colour'),SELECT SUM(CASE WHEN T2.id = 7 THEN 1 ELSE 0 END) - SUM(CASE WHEN T2.id = 1 THEN 1 ELSE 0 END) FROM superhero AS T1 INNER JOIN colour AS T2 ON T1.eye_colour_id = T2.id WHERE T1.weight_kg = 0 OR T1.weight_kg is NULL,superhero
293,How many green-skinned villains are there in the superhero universe?,SELECT count(T1.id) FROM superhero AS T1 JOIN colour AS T2 ON T1.skin_colour_id  =  T2.id JOIN alignment AS T3 ON T1.alignment_id  =  T3.id WHERE T2.colour  =  'Green' AND T3.alignment  =  'Bad',SELECT COUNT(T1.id) FROM superhero AS T1 INNER JOIN alignment AS T2 ON T1.alignment_id = T2.id INNER JOIN colour AS T3 ON T1.skin_colour_id = T3.id WHERE T2.alignment = 'Bad' AND T3.colour = 'Green',superhero
294,Identify superheroes who can control wind and list their names in alphabetical order.,SELECT T1.superhero_name FROM superhero AS T1 JOIN hero_power AS T2 ON T1.id = T2.hero_id JOIN superpower AS T3 ON T2.power_id = T3.id WHERE T3.power_name = 'Wind Control' ORDER BY T1.superhero_name,SELECT T1.superhero_name FROM superhero AS T1 INNER JOIN hero_power AS T2 ON T1.id = T2.hero_id INNER JOIN superpower AS T3 ON T2.power_id = T3.id WHERE T3.power_name = 'Wind Control' ORDER BY T1.superhero_name,superhero
295,Identify the gender of the superhero who has the ability of Phoenix Force.,SELECT DISTINCT T1.gender FROM gender AS T1 JOIN superhero AS T2 ON T1.id = T2.gender_id JOIN hero_power AS T3 ON T2.id = T3.hero_id JOIN superpower AS T4 ON T3.power_id = T4.id WHERE T4.power_name = 'Phoenix Force',SELECT T4.gender FROM superhero AS T1 INNER JOIN hero_power AS T2 ON T1.id = T2.hero_id INNER JOIN superpower AS T3 ON T2.power_id = T3.id INNER JOIN gender AS T4 ON T1.gender_id = T4.id WHERE T3.power_name = 'Phoenix Force',superhero
296,Which publisher created more superheroes: DC or Marvel Comics? Find the difference in the number of superheroes.,SELECT ABS(SUM(CASE WHEN T2.publisher_name = 'DC Comics' THEN 1 ELSE 0 END) - SUM(CASE WHEN T2.publisher_name = 'Marvel Comics' THEN 1 ELSE 0 END)) FROM superhero AS T1 JOIN publisher AS T2 ON T1.publisher_id = T2.id,SELECT SUM(CASE WHEN T2.publisher_name = 'DC Comics' THEN 1 ELSE 0 END) - SUM(CASE WHEN T2.publisher_name = 'Marvel Comics' THEN 1 ELSE 0 END) FROM superhero AS T1 INNER JOIN publisher AS T2 ON T1.publisher_id = T2.id,superhero
297,"Which user has a higher reputation, Harlan or Jarrod Dixon?",SELECT DisplayName FROM users WHERE DisplayName  =  'Harlan' OR DisplayName  =  'Jarrod Dixon' ORDER BY Reputation DESC LIMIT 1,"SELECT DisplayName FROM users WHERE DisplayName IN ('Harlan', 'Jarrod Dixon') AND Reputation = ( SELECT MAX(Reputation) FROM users WHERE DisplayName IN ('Harlan', 'Jarrod Dixon') )",codebase_community
298,Please list the display names of all the users whose accounts were created in the year 2011.,"SELECT DisplayName FROM users WHERE strftime('%Y', CreationDate) = '2011'","SELECT DisplayName FROM users WHERE STRFTIME('%Y', CreationDate) = '2011'",codebase_community
299,How many users last accessed the website after 2014/9/1?,SELECT count(Id) FROM users WHERE LastAccessDate  >  '2014-09-01',SELECT COUNT(Id) FROM users WHERE date(LastAccessDate) > '2014-09-01',codebase_community
300,"Who is the owner of the post ""Eliciting priors from experts""?",SELECT T1.DisplayName FROM users AS T1 JOIN posts AS T2 ON T1.Id  =  T2.OwnerUserId WHERE T2.Title  =  'Eliciting priors from experts',SELECT T2.DisplayName FROM posts AS T1 INNER JOIN users AS T2 ON T1.OwnerUserId = T2.Id WHERE T1.Title = 'Eliciting priors from experts',codebase_community
301,How many posts does the user csgillespie own?,SELECT count(T1.Id) FROM posts AS T1 JOIN users AS T2 ON T1.OwnerUserId = T2.Id WHERE T2.DisplayName = 'csgillespie',SELECT COUNT(T1.id) FROM posts AS T1 INNER JOIN users AS T2 ON T1.OwnerUserId = T2.Id WHERE T2.DisplayName = 'csgillespie',codebase_community
302,"What is the display name of the user who last edited the post ""Examples for teaching: Correlation does not mean causation""?",SELECT T1.DisplayName FROM users AS T1 JOIN posts AS T2 ON T1.Id = T2.LastEditorUserId WHERE T2.Title = 'Examples for teaching: Correlation does not mean causation',SELECT T2.DisplayName FROM posts AS T1 INNER JOIN users AS T2 ON T1.LastEditorUserId = T2.Id WHERE T1.Title = 'Examples for teaching: Correlation does not mean causation',codebase_community
303,"Among the posts owned by an elder user, how many of them have a score of over 19?",SELECT COUNT(T1.Id) FROM posts AS T1 JOIN users AS T2 ON T1.OwnerUserId  =  T2.Id WHERE T2.Age  >  (SELECT avg(Age) FROM users) AND T1.Score  >  19,SELECT COUNT(T1.Id) FROM posts AS T1 INNER JOIN users AS T2 ON T1.OwnerUserId = T2.Id WHERE T1.Score >= 20 AND T2.Age > 65,codebase_community
304,"From which post is the tag ""bayesian"" excerpted from? Please give the body of the post.",SELECT T1.Body FROM posts AS T1 JOIN tags AS T2 ON T1.Id = T2.ExcerptPostId WHERE T2.TagName = 'bayesian',SELECT T2.Body FROM tags AS T1 INNER JOIN posts AS T2 ON T2.Id = T1.ExcerptPostId WHERE T1.TagName = 'bayesian',codebase_community
305,What is the average score of the posts owned by the user csgillespie?,SELECT avg(T1.Score) FROM posts AS T1 JOIN users AS T2 ON T1.OwnerUserId  =  T2.Id WHERE T2.DisplayName  =  'csgillespie',SELECT AVG(T1.Score) FROM posts AS T1 INNER JOIN users AS T2 ON T1.OwnerUserId = T2.Id WHERE T2.DisplayName = 'csgillespie',codebase_community
306,"Among the posts with a score of over 5, what is the percentage of them being owned by an elder user?",SELECT CAST(SUM(CASE WHEN T2.Age > 60 THEN 1 ELSE 0 END) AS REAL) * 100.0 / COUNT(T1.Id) FROM posts AS T1 JOIN users AS T2 ON T1.OwnerUserId = T2.Id WHERE T1.Score > 5,"SELECT CAST(SUM(IIF(T2.Age > 65, 1, 0)) AS REAL) * 100 / COUNT(T1.Id) FROM posts AS T1 INNER JOIN users AS T2 ON T1.OwnerUserId = T2.Id WHERE T1.Score > 5",codebase_community
307,"User No.3025 gave a comment at 20:29:39 on 2014/4/23 to a post, how many favorite counts did that post get?",SELECT T1.FavoriteCount FROM posts AS T1 JOIN comments AS T2 ON T1.Id  =  T2.PostId WHERE T2.UserId  =  3025 AND T2.CreationDate  =  '2014-04-23 20:29:39',SELECT T1.FavoriteCount FROM posts AS T1 INNER JOIN comments AS T2 ON T1.Id = T2.PostId WHERE T2.CreationDate = '2014-04-23 20:29:39.0' AND T2.UserId = 3025,codebase_community
308,"User No.23853 gave a comment to a post at 9:08:18 on 2013/7/12, was that post well-finished?",SELECT AcceptedAnswerId FROM posts WHERE Id = (SELECT PostId FROM comments WHERE UserId = 23853 AND CreationDate = '2013-07-12 09:08:18'),"SELECT IIF(T2.ClosedDate IS NULL, 'NOT well-finished', 'well-finished') AS resylt FROM comments AS T1 INNER JOIN posts AS T2 ON T1.PostId = T2.Id WHERE T1.UserId = 23853 AND T1.CreationDate = '2013-07-12 09:08:18.0'",codebase_community
309,"For the user with the display name of ""Tiago Pasqualini"", how many posts did he/she own?",SELECT count(T1.Id) FROM posts AS T1 JOIN users AS T2 ON T1.OwnerUserId  =  T2.Id WHERE T2.DisplayName  =  'Tiago Pasqualini',SELECT COUNT(T1.Id) FROM users AS T1 INNER JOIN posts AS T2 ON T1.Id = T2.OwnerUserId WHERE T1.DisplayName = 'Tiago Pasqualini',codebase_community
310,Provide the display name of the user who made the vote No.6347.,SELECT T1.DisplayName FROM users AS T1 JOIN votes AS T2 ON T1.Id = T2.UserId WHERE T2.Id = 6347,SELECT T1.DisplayName FROM users AS T1 INNER JOIN votes AS T2 ON T1.Id = T2.UserId WHERE T2.Id = 6347,codebase_community
311,"For the user No.24, how many times is the number of his/her posts compared to his/her votes?",SELECT CAST((SELECT count(*) FROM posts WHERE OwnerUserId = 24) AS REAL) / (SELECT count(*) FROM votes WHERE UserId = 24),SELECT CAST(COUNT(DISTINCT T2.Id) AS REAL) / COUNT(DISTINCT T1.Id) FROM votes AS T1 INNER JOIN posts AS T2 ON T1.UserId = T2.OwnerUserId WHERE T1.UserId = 24,codebase_community
312,How many views did the post titled 'Integration of Weka and/or RapidMiner into Informatica PowerCenter/Developer' get?,SELECT ViewCount FROM posts WHERE Title = 'Integration of Weka and/or RapidMiner into Informatica PowerCenter/Developer',SELECT ViewCount FROM posts WHERE Title = 'Integration of Weka and/or RapidMiner into Informatica PowerCenter/Developer',codebase_community
313,Write the contents of comments with a score of 17.,SELECT Text FROM comments WHERE Score = 17,SELECT Text FROM comments WHERE Score = 17,codebase_community
314,Name the user that commented 'thank you user93!',SELECT T1.DisplayName FROM users AS T1 JOIN comments AS T2 ON T1.Id = T2.UserId WHERE T2.Text = 'thank you user93!',SELECT T1.DisplayName FROM users AS T1 INNER JOIN comments AS T2 ON T1.Id = T2.UserId WHERE T2.Text = 'thank you user93!',codebase_community
315,Which user made a post titled 'Understanding what Dassault iSight is doing?' and how much is the reputation of the user?,"SELECT T1.DisplayName ,  T1.Reputation FROM users AS T1 JOIN posts AS T2 ON T1.Id  =  T2.OwnerUserId WHERE T2.Title  =  'Understanding what Dassault iSight is doing?'","SELECT T1.DisplayName, T1.Reputation FROM users AS T1 INNER JOIN posts AS T2 ON T1.Id = T2.OwnerUserId WHERE T2.Title = 'Understanding what Dassault iSight is doing?'",codebase_community
316,Who is the owner of the post titled 'Open source tools for visualizing multi-dimensional data?',SELECT T1.DisplayName FROM users AS T1 JOIN posts AS T2 ON T1.Id  =  T2.OwnerUserId WHERE T2.Title  =  'Open source tools for visualizing multi-dimensional data?',SELECT T2.DisplayName FROM posts AS T1 INNER JOIN users AS T2 ON T1.OwnerUserId = T2.Id WHERE T1.Title = 'Open source tools for visualizing multi-dimensional data?',codebase_community
317,Write all the comments left by users who edited the post titled 'Why square the difference instead of taking the absolute value in standard deviation?',SELECT Text FROM comments WHERE UserId IN (SELECT UserId FROM postHistory WHERE PostId IN (SELECT Id FROM posts WHERE Title  =  'Why square the difference instead of taking the absolute value in standard deviation?')),SELECT T2.Comment FROM posts AS T1 INNER JOIN postHistory AS T2 ON T1.Id = T2.PostId WHERE T1.Title = 'Why square the difference instead of taking the absolute value in standard deviation?',codebase_community
318,Which user added a bounty amount of 50 to the post title mentioning variance?,SELECT DISTINCT T1.DisplayName FROM users AS T1 JOIN votes AS T2 ON T1.Id = T2.UserId JOIN posts AS T3 ON T2.PostId = T3.Id WHERE T2.BountyAmount = 50 AND T3.Title LIKE '%variance%',"SELECT T3.DisplayName, T1.Title FROM posts AS T1 INNER JOIN votes AS T2 ON T1.Id = T2.PostId INNER JOIN users AS T3 ON T3.Id = T2.UserId WHERE T2.BountyAmount = 50 AND T1.Title LIKE '%variance%'",codebase_community
319,Calculate the average view count of each post tagged as 'humor' and list the title and the comment of each post.,"SELECT AVG(T1.ViewCount) ,  T1.Title ,  MIN(T2.Text) FROM posts AS T1 JOIN comments AS T2 ON T1.Id  =  T2.PostId WHERE T1.Tags LIKE '%<humor>%' GROUP BY T1.Id","SELECT AVG(T2.ViewCount), T2.Title, T1.Text FROM comments AS T1 INNER JOIN posts AS T2 ON T2.Id = T1.PostId  WHERE T2.Tags = '<humor>' GROUP BY T2.Title, T1.Text ",codebase_community
320,How many users are awarded with more than 5 badges?,SELECT COUNT(*) FROM (SELECT UserId FROM badges GROUP BY UserId HAVING COUNT(Id) > 5),"SELECT COUNT(UserId) FROM ( SELECT UserId, COUNT(Name) AS num FROM badges GROUP BY UserId ) T WHERE T.num > 5",codebase_community
321,Which user have only one post history per post and having at least 1000 views?,"The original query has a `GROUP BY UserId, PostId` clause in one of its subqueries. According to instruction 7, ""Use GROUP BY on one column only.""",SELECT T2.UserId FROM users AS T1 INNER JOIN postHistory AS T2 ON T1.Id = T2.UserId INNER JOIN posts AS T3 ON T2.PostId = T3.Id WHERE T3.ViewCount >= 1000 GROUP BY T2.UserId HAVING COUNT(DISTINCT T2.PostHistoryTypeId) = 1,codebase_community
322,What is the percentage difference of student badges given during 2010 and 2011?,"SELECT (CAST(T2.count_badges AS REAL) - CAST(T1.count_badges AS REAL)) * 100.0 / CAST(T1.count_badges AS REAL) FROM (SELECT COUNT(Id) AS count_badges FROM badges WHERE strftime('%Y', Date) = '2010' AND Name = 'Student') AS T1, (SELECT COUNT(Id) AS count_badges FROM badges WHERE strftime('%Y', Date) = '2011' AND Name = 'Student') AS T2","SELECT CAST(SUM(IIF(STRFTIME('%Y', Date) = '2010', 1, 0)) AS REAL) * 100 / COUNT(Id) - CAST(SUM(IIF(STRFTIME('%Y', Date) = '2011', 1, 0)) AS REAL) * 100 / COUNT(Id) FROM badges WHERE Name = 'Student'",codebase_community
323,What is the average of the up votes and the average user age for users creating more than 10 posts?,"SELECT AVG(T1.UpVotes), AVG(T1.Age) FROM users AS T1 WHERE T1.Id IN (SELECT OwnerUserId FROM posts GROUP BY OwnerUserId HAVING COUNT(*) > 10)","SELECT AVG(T1.UpVotes), AVG(T1.Age) FROM users AS T1 INNER JOIN ( SELECT OwnerUserId, COUNT(*) AS post_count FROM posts GROUP BY OwnerUserId HAVING post_count > 10) AS T2 ON T1.Id = T2.OwnerUserId",codebase_community
324,Calculate the ratio of votes in 2010 and 2011.,"SELECT CAST((SELECT COUNT(Id) FROM votes WHERE strftime('%Y', CreationDate) = '2010') AS REAL) / (SELECT COUNT(Id) FROM votes WHERE strftime('%Y', CreationDate) = '2011')","SELECT CAST(SUM(IIF(STRFTIME('%Y', CreationDate) = '2010', 1, 0)) AS REAL) / SUM(IIF(STRFTIME('%Y', CreationDate) = '2011', 1, 0)) FROM votes",codebase_community
325,Which post by slashnick has the most answers count? State the post ID.,SELECT T1.Id FROM posts AS T1 JOIN users AS T2 ON T1.OwnerUserId = T2.Id WHERE T2.DisplayName = 'slashnick' ORDER BY T1.AnswerCount DESC LIMIT 1,SELECT T2.PostId FROM users AS T1 INNER JOIN postHistory AS T2 ON T1.Id = T2.UserId INNER JOIN posts AS T3 ON T2.PostId = T3.Id WHERE T1.DisplayName = 'slashnick' ORDER BY T3.AnswerCount DESC LIMIT 1,codebase_community
326,"Among posts by Harvey Motulsky and Noah Snyder, which one has higher popularity?",SELECT T2.DisplayName FROM posts AS T1 JOIN users AS T2 ON T1.OwnerUserId = T2.Id WHERE T2.DisplayName = 'Harvey Motulsky' OR T2.DisplayName = 'Noah Snyder' GROUP BY T2.DisplayName ORDER BY SUM(T1.ViewCount) DESC LIMIT 1,SELECT T1.DisplayName FROM users AS T1 INNER JOIN postHistory AS T2 ON T1.Id = T2.UserId INNER JOIN posts AS T3 ON T2.PostId = T3.Id WHERE T1.DisplayName = 'Harvey Motulsky' OR T1.DisplayName = 'Noah Snyder' GROUP BY T1.DisplayName ORDER BY SUM(T3.ViewCount) DESC LIMIT 1,codebase_community
327,State all the tags used by Mark Meckes in his posts that doesn't have comments.,SELECT DISTINCT T1.TagName FROM tags AS T1 JOIN posts AS T2 ON T2.Tags LIKE '%<' || T1.TagName || '>%' JOIN users AS T3 ON T2.OwnerUserId  =  T3.Id WHERE T3.DisplayName  =  'Mark Meckes' AND T2.Id NOT IN ( SELECT DISTINCT PostId FROM comments ),SELECT T3.Tags FROM users AS T1 INNER JOIN postHistory AS T2 ON T1.Id = T2.UserId INNER JOIN posts AS T3 ON T3.Id = T2.PostId WHERE T1.DisplayName = 'Mark Meckes' AND T3.CommentCount = 0,codebase_community
328,"Based on posts posted by Community, calculate the percentage of posts that use the R language.",SELECT CAST(SUM(CASE WHEN T1.Tags LIKE '%<r>%' THEN 1 ELSE 0 END) AS REAL) * 100 / COUNT(T1.Id) FROM posts AS T1 WHERE T1.OwnerDisplayName = 'Community',"SELECT CAST(SUM(IIF(T3.TagName = 'r', 1, 0)) AS REAL) * 100 / COUNT(T1.Id) FROM users AS T1 INNER JOIN postHistory AS T2 ON T1.Id = T2.UserId INNER JOIN tags AS T3 ON T3.ExcerptPostId = T2.PostId WHERE T1.DisplayName = 'Community'",codebase_community
329,Calculate the difference in view count from post posted by Mornington and view count from posts posted by Amos.,SELECT (SELECT sum(ViewCount) FROM posts WHERE OwnerDisplayName = 'Mornington') - (SELECT sum(ViewCount) FROM posts WHERE OwnerDisplayName = 'Amos'),"SELECT SUM(IIF(T1.DisplayName = 'Mornington', T3.ViewCount, 0)) - SUM(IIF(T1.DisplayName = 'Amos', T3.ViewCount, 0)) AS diff FROM users AS T1 INNER JOIN postHistory AS T2 ON T1.Id = T2.UserId INNER JOIN posts AS T3 ON T3.Id = T2.PostId",codebase_community
330,What is the average monthly number of links created in 2010 for posts that have no more than 2 answers?,"SELECT AVG(T1.monthly_link_count) FROM (SELECT COUNT(T1.Id) AS monthly_link_count FROM postLinks AS T1 JOIN posts AS T2 ON T1.PostId = T2.Id WHERE strftime('%Y', T1.CreationDate) = '2010' AND T2.AnswerCount <= 2 GROUP BY strftime('%Y-%m', T1.CreationDate)) AS T1","SELECT CAST(COUNT(T1.Id) AS REAL) / 12 FROM postLinks AS T1 INNER JOIN posts AS T2 ON T1.PostId = T2.Id WHERE T2.AnswerCount <= 2 AND STRFTIME('%Y', T1.CreationDate) = '2010'",codebase_community
331,When did 'chl' cast its first vote in a post?,SELECT min(T1.CreationDate) FROM votes AS T1 JOIN users AS T2 ON T1.UserId = T2.Id WHERE T2.DisplayName = 'chl',SELECT T2.CreationDate FROM users AS T1 INNER JOIN votes AS T2 ON T1.Id = T2.UserId WHERE T1.DisplayName = 'chl' ORDER BY T2.CreationDate LIMIT 1,codebase_community
332,What is the display name of the user who acquired the first Autobiographer badge?,SELECT T1.DisplayName FROM users AS T1 JOIN badges AS T2 ON T1.Id = T2.UserId WHERE T2.Name = 'Autobiographer' ORDER BY T2.Date ASC LIMIT 1,SELECT T1.DisplayName FROM users AS T1 INNER JOIN badges AS T2 ON T1.Id = T2.UserId WHERE T2.`Name` = 'Autobiographer' ORDER BY T2.Date LIMIT 1,codebase_community
333,"Among the users located in United Kingdom, how many users whose post have a total favorite amount of 4 or more?",SELECT COUNT(*) FROM (SELECT T1.Id FROM users AS T1 JOIN posts AS T2 ON T1.Id = T2.OwnerUserId WHERE T1.Location = 'United Kingdom' GROUP BY T1.Id HAVING SUM(T2.FavoriteCount) >= 4),SELECT COUNT(T1.Id) FROM users AS T1 INNER JOIN posts AS T2 ON T1.Id = T2.OwnerUserId WHERE T1.Location = 'United Kingdom' AND T2.FavoriteCount >= 4,codebase_community
334,Which post by Harvey Motulsky has the most views? Please give the id and title of this post.,"SELECT T1.Id , T1.Title FROM posts AS T1 JOIN users AS T2 ON T1.OwnerUserId = T2.Id WHERE T2.DisplayName = 'Harvey Motulsky' ORDER BY T1.ViewCount DESC LIMIT 1","SELECT T2.Id, T2.Title FROM users AS T1 INNER JOIN posts AS T2 ON T1.Id = T2.OwnerUserId WHERE T1.DisplayName = 'Harvey Motulsky' ORDER BY T2.ViewCount DESC LIMIT 1",codebase_community
335,Which is the most valuable post in 2010? Please give its id and the owner's display name.,"SELECT T1.Id , T2.DisplayName FROM posts AS T1 JOIN users AS T2 ON T1.OwnerUserId = T2.Id WHERE T1.CreaionDate LIKE '2010%' ORDER BY T1.Score DESC LIMIT 1","SELECT T2.OwnerUserId, T1.DisplayName FROM users AS T1 INNER JOIN posts AS T2 ON T1.Id = T2.OwnerUserId WHERE STRFTIME('%Y', T1.CreationDate) = '2010' ORDER BY T2.FavoriteCount DESC LIMIT 1",codebase_community
336,What is the percentage of posts whose owners had a reputation of over 1000 in 2011?,"SELECT CAST( (SELECT COUNT(T1.Id) FROM posts AS T1 JOIN users AS T2 ON T1.OwnerUserId = T2.Id WHERE STRFTIME('%Y', T1.CreaionDate) = '2011' AND T2.Reputation > 1000) AS REAL) * 100 / (SELECT COUNT(Id) FROM posts WHERE STRFTIME('%Y', CreaionDate) = '2011')","SELECT CAST(SUM(IIF(STRFTIME('%Y', T2.CreaionDate) = '2011' AND T1.Reputation > 1000, 1, 0)) AS REAL) * 100 / COUNT(T1.Id) FROM users AS T1 INNER JOIN posts AS T2 ON T1.Id = T2.OwnerUserId",codebase_community
337,Identify the total views on the post 'Computer Game Datasets'. Name the user who posted it last time.,"SELECT T1.ViewCount ,  T2.DisplayName FROM posts AS T1 JOIN users AS T2 ON T1.LastEditorUserId  =  T2.Id WHERE T1.Title  =  'Computer Game Datasets'","SELECT T2.ViewCount, T3.DisplayName FROM postHistory AS T1 INNER JOIN posts AS T2 ON T1.PostId = T2.Id INNER JOIN users AS T3 ON T2.LastEditorUserId = T3.Id WHERE T1.Text = 'Computer Game Datasets'",codebase_community
338,How many comments were added to the post with the highest score?,SELECT COUNT(T1.Id) FROM comments AS T1 JOIN posts AS T2 ON T1.PostId = T2.Id WHERE T2.Score = (SELECT MAX(Score) FROM posts),SELECT COUNT(T2.Id) FROM posts AS T1 INNER JOIN comments AS T2 ON T1.Id = T2.PostId GROUP BY T1.Id ORDER BY T1.Score DESC LIMIT 1,codebase_community
339,Provide the text of the latest 10 comments to the post with the title 'Analysing wind data with R' and the display name of the user who left it.,"SELECT T1.Text ,  T3.DisplayName FROM comments AS T1 JOIN posts AS T2 ON T1.PostId  =  T2.Id JOIN users AS T3 ON T1.UserId  =  T3.Id WHERE T2.Title  =  'Analysing wind data with R' ORDER BY T1.CreationDate DESC LIMIT 10","SELECT T3.Text, T1.DisplayName FROM users AS T1 INNER JOIN posts AS T2 ON T1.Id = T2.OwnerUserId INNER JOIN comments AS T3 ON T2.Id = T3.PostId WHERE T2.Title = 'Analysing wind data with R' ORDER BY T1.CreationDate DESC LIMIT 10",codebase_community
340,"Among all the posts posted by the most influential user, identify the percentage with a score above 50.",SELECT CAST(SUM(CASE WHEN T1.Score > 50 THEN 1 ELSE 0 END) AS REAL) * 100.0 / COUNT(T1.Id) FROM posts AS T1 WHERE T1.OwnerUserId = (SELECT Id FROM users ORDER BY Reputation DESC LIMIT 1),SELECT CAST(SUM(CASE WHEN T2.Score > 50 THEN 1 ELSE 0 END) AS REAL) * 100 / COUNT(T1.Id) FROM users T1 INNER JOIN posts T2 ON T1.Id = T2.OwnerUserId INNER JOIN ( SELECT MAX(Reputation) AS max_reputation FROM users ) T3 ON T1.Reputation = T3.max_reputation,codebase_community
341,What is the excerpt post ID and wiki post ID of the tag named sample?,"SELECT ExcerptPostId ,  WikiPostId FROM tags WHERE TagName  =  'sample'","SELECT ExcerptPostId, WikiPostId FROM tags WHERE TagName = 'sample'",codebase_community
342,"Give the user's reputation and up vote number of the user that commented ""fine, you win :)"".","SELECT T1.Reputation, T1.UpVotes FROM users AS T1 JOIN comments AS T2 ON T1.Id = T2.UserId WHERE T2.Text = 'fine, you win :)' GROUP BY T1.Id","SELECT T2.Reputation, T2.UpVotes FROM comments AS T1 INNER JOIN users AS T2 ON T1.UserId = T2.Id WHERE T1.Text = 'fine, you win :)'",codebase_community
343,"Among the posts with views ranging from 100 to 150, what is the comment with the highest score?",SELECT T1.Text FROM comments AS T1 JOIN posts AS T2 ON T1.PostId = T2.Id WHERE T2.ViewCount BETWEEN 100 AND 150 ORDER BY T1.Score DESC LIMIT 1,SELECT Text FROM comments WHERE PostId IN ( SELECT Id FROM posts WHERE ViewCount BETWEEN 100 AND 150 ) ORDER BY Score DESC LIMIT 1,codebase_community
344,"In posts with 1 comment, how many of the comments have 0 score?",SELECT count(T1.Id) FROM comments AS T1 WHERE T1.Score  =  0 AND T1.PostId IN ( SELECT T2.Id FROM posts AS T2 JOIN comments AS T3 ON T2.Id  =  T3.PostId GROUP BY T2.Id HAVING count(T3.Id)  =  1 ),SELECT COUNT(T1.id) FROM comments AS T1 INNER JOIN posts AS T2 ON T1.PostId = T2.Id WHERE T2.CommentCount = 1 AND T2.Score = 0,codebase_community
345,"Among the comments with scores between 5 to 10, what is the percentage of the users with 0 up votes?",SELECT CAST(SUM(CASE WHEN T1.UpVotes = 0 THEN 1 ELSE 0 END) AS REAL) * 100 / COUNT(T1.Id) FROM users AS T1 WHERE T1.Id IN ( SELECT DISTINCT T2.UserId FROM comments AS T2 WHERE T2.Score BETWEEN 5 AND 10 ),"SELECT CAST(SUM(IIF(T1.UpVotes = 0, 1, 0)) AS REAL) * 100/ COUNT(T1.Id) AS per FROM users AS T1 INNER JOIN comments AS T2 ON T1.Id = T2.UserId WHERE T2.Score BETWEEN 5 AND 10",codebase_community
346,Which are the cards that have incredibly powerful foils.,SELECT DISTINCT name FROM cards WHERE hasFoil = 1,SELECT id FROM cards WHERE cardKingdomFoilId IS NOT NULL AND cardKingdomId IS NOT NULL,card_games
347,What are the borderless cards available without powerful foils?,SELECT name FROM cards WHERE frameEffects LIKE '%borderless%' AND hasFoil = 0,SELECT id FROM cards WHERE borderColor = 'borderless' AND (cardKingdomId IS NULL OR cardKingdomId IS NULL),card_games
348,List all the mythic rarity print cards banned in gladiator format.,SELECT T1.* FROM cards AS T1 JOIN legalities AS T2 ON T1.uuid  =  T2.uuid WHERE T1.rarity  =  'mythic' AND T2.format  =  'gladiator' AND T2.status  =  'Banned',SELECT DISTINCT T1.id FROM cards AS T1 INNER JOIN legalities AS T2 ON T1.uuid = T2.uuid WHERE T2.format = 'gladiator' AND T2.status = 'Banned' AND T1.rarity = 'mythic',card_games
349,"For artifact type of cards that do not have multiple faces on the same card, state its legalities status for vintage play format.","SELECT DISTINCT T2.status FROM cards AS T1 JOIN legalities AS T2 ON T1.uuid = T2.uuid WHERE T1.type = 'Artifact' AND T1.layout NOT IN ('transform', 'split', 'flip', 'meld') AND T2.format = 'Vintage'",SELECT DISTINCT T2.status FROM cards AS T1 INNER JOIN legalities AS T2 ON T1.uuid = T2.uuid WHERE T1.type = 'Artifact' AND T2.format = 'vintage' AND T1.side IS NULL,card_games
350,List all the card id and artist with unknown power which are legal for commander play format.,"SELECT T1.id ,  T1.artist FROM cards AS T1 JOIN legalities AS T2 ON T1.uuid  =  T2.uuid WHERE T1.power IS NULL AND T2.format  =  'commander' AND T2.status  =  'Legal'","SELECT T1.id, T1.artist FROM cards AS T1 INNER JOIN legalities AS T2 ON T1.uuid = T2.uuid WHERE T2.status = 'Legal' AND T2.format = 'commander' AND (T1.power IS NULL OR T1.power = '*')",card_games
351,Find all cards illustrated by Stephen Daniel and describe the text of the ruling of these cards. State if these cards have missing or degraded properties and values.,SELECT T2.text FROM cards AS T1 JOIN rulings AS T2 ON T1.uuid = T2.uuid WHERE T1.artist = 'Stephen Daniel',"SELECT T1.id, T2.text, T1.hasContentWarning FROM cards AS T1 INNER JOIN rulings AS T2 ON T1.uuid = T2.uuid WHERE T1.artist = 'Stephen Daniele'",card_games
352,Name the card and artist with the most ruling information. Also state if the card is a promotional printing.,"SELECT T1.name, T1.artist, T1.isPromo FROM cards AS T1 JOIN rulings AS T2 ON T1.uuid = T2.uuid GROUP BY T1.uuid ORDER BY count(*) DESC LIMIT 1","SELECT T1.name, T1.artist, T1.isPromo FROM cards AS T1 INNER JOIN rulings AS T2 ON T1.uuid = T2.uuid WHERE T1.isPromo = 1 AND T1.artist = (SELECT artist FROM cards WHERE isPromo = 1 GROUP BY artist HAVING COUNT(DISTINCT uuid) = (SELECT MAX(count_uuid) FROM ( SELECT COUNT(DISTINCT uuid) AS count_uuid FROM cards WHERE isPromo = 1 GROUP BY artist ))) LIMIT 1",card_games
353,Calculate the percentage of the cards availabe in Chinese Simplified.,SELECT CAST(COUNT(DISTINCT T1.uuid) AS REAL) * 100 / (SELECT COUNT(DISTINCT uuid) FROM cards) FROM cards AS T1 JOIN foreign_data AS T2 ON T1.uuid = T2.uuid WHERE T2.language = 'Chinese Simplified',SELECT CAST(SUM(CASE WHEN T2.language = 'Chinese Simplified' THEN 1 ELSE 0 END) AS REAL) * 100 / COUNT(T1.id) FROM cards AS T1 INNER JOIN foreign_data AS T2 ON T1.uuid = T2.uuid,card_games
354,How many cards have infinite power?,SELECT count(*) FROM cards WHERE power = 'infinite',SELECT COUNT(*) FROM cards WHERE power = '*',card_games
355,"What is the border color of card ""Ancestor's Chosen""?","SELECT borderColor FROM cards WHERE name = ""Ancestor's Chosen""",SELECT DISTINCT borderColor FROM cards WHERE name = 'Ancestor''s Chosen',card_games
356,"What is the rule of playing card ""Benalish Knight""?",SELECT T1.text FROM rulings AS T1 JOIN cards AS T2 ON T1.uuid = T2.uuid WHERE T2.name = 'Benalish Knight',SELECT T2.format FROM cards AS T1 INNER JOIN legalities AS T2 ON T1.uuid = T2.uuid WHERE T1.name = 'Benalish Knight',card_games
357,What is the percentage of borderless cards?,SELECT CAST(SUM(CASE WHEN borderColor = 'borderless' THEN 1 ELSE 0 END) AS REAL) * 100 / COUNT(id) FROM cards,SELECT CAST(SUM(CASE WHEN borderColor = 'borderless' THEN 1 ELSE 0 END) AS REAL) * 100 / COUNT(id) FROM cards,card_games
358,What is the percentage of cards whose language is French among the Story Spotlight cards?,SELECT CAST( (SELECT COUNT(DISTINCT T1.uuid) FROM cards AS T1 JOIN foreign_data AS T2 ON T1.uuid = T2.uuid WHERE T1.isStorySpotlight = 1 AND T2.language = 'French') AS REAL) * 100 / (SELECT COUNT(DISTINCT uuid) FROM cards WHERE isStorySpotlight = 1),SELECT CAST(SUM(CASE WHEN T2.language = 'French' THEN 1 ELSE 0 END) AS REAL) * 100 / COUNT(T1.id) FROM cards AS T1 INNER JOIN foreign_data AS T2 ON T1.uuid = T2.uuid WHERE T1.isStorySpotlight = 1,card_games
359,"How many cards with original type of ""Summon - Angel"" have subtype other than ""Angel""?",SELECT count(*) FROM cards WHERE originalType  =  'Summon - Angel' AND subtypes NOT LIKE '%Angel%',SELECT COUNT(id) FROM cards WHERE originalType = 'Summon - Angel' AND subtypes != 'Angel',card_games
360,What are the cards belong to duel deck a? List the ID.,SELECT id FROM cards WHERE duelDeck = 'a',SELECT id FROM cards WHERE duelDeck = 'a',card_games
361,How many of the banned cards are white border?,SELECT count(T1.id) FROM cards AS T1 JOIN legalities AS T2 ON T1.uuid  =  T2.uuid WHERE T1.borderColor  =  'white' AND T2.status  =  'Banned',SELECT COUNT(T1.id) FROM cards AS T1 INNER JOIN legalities AS T2 ON T1.uuid = T2.uuid WHERE T2.status = 'Banned' AND T1.borderColor = 'white',card_games
362,"Among the Artifact cards, which are black color and comes with foreign languague translation?",SELECT DISTINCT T1.name FROM cards AS T1 JOIN foreign_data AS T2 ON T1.uuid = T2.uuid WHERE T1.type = 'Artifact' AND T1.colors = 'Black',SELECT DISTINCT T1.name FROM cards AS T1 INNER JOIN foreign_data AS T2 ON T1.uuid = T2.uuid WHERE T1.originalType = 'Artifact' AND T1.colors = 'B',card_games
363,"What is the mana cost of cards with a normal layout, a 2003 frame version, with a black border color, and available in paper and mtgo?",SELECT manaCost FROM cards WHERE layout = 'normal' AND frameVersion = '2003' AND borderColor = 'black' AND availability LIKE '%paper%' AND availability LIKE '%mtgo%',"SELECT manaCost FROM cards WHERE availability = 'mtgo,paper' AND borderColor = 'black' AND frameVersion = 2003 AND layout = 'normal'",card_games
364,What is the percentage of Story Spotlight cards that do not have a text box? List them by their ID.,"WITH PercentageCalc AS (   SELECT     CAST(SUM(CASE WHEN isStorySpotlight = 1 AND text IS NULL THEN 1 ELSE 0 END) AS REAL) * 100 /     NULLIF(SUM(CASE WHEN isStorySpotlight = 1 THEN 1 ELSE 0 END), 0) AS percentage_value   FROM cards ) SELECT   T1.id,   (SELECT percentage_value FROM PercentageCalc) AS percentage_no_text_story_spotlight FROM cards AS T1 WHERE T1.isStorySpotlight = 1 AND T1.text IS NULL",SELECT CAST(SUM(CASE WHEN isTextless = 0 AND  isStorySpotlight = 1 THEN 1 ELSE 0 END) AS REAL) * 100 / COUNT(id) FROM cards,card_games
365,How many Brazilian Portuguese translated sets are inside the Commander block?,SELECT count(DISTINCT T1.name) FROM sets AS T1 JOIN set_translations AS T2 ON T1.code  =  T2.setCode WHERE T2.language  =  'Brazilian Portuguese' AND T1.block  =  'Commander',SELECT COUNT(T1.id) FROM sets AS T1 INNER JOIN set_translations AS T2 ON T1.code = T2.setCode WHERE T2.language = 'Portuguese (Brazil)' AND T1.block = 'Commander',card_games
366,Lists all types of cards in German.,SELECT DISTINCT type FROM foreign_data WHERE language = 'German',"SELECT T1.subtypes, T1.supertypes FROM cards AS T1 INNER JOIN foreign_data AS T2 ON T1.uuid = T2.uuid WHERE T2.language = 'German' AND T1.subtypes IS NOT NULL AND T1.supertypes IS NOT NULL",card_games
367,How many unknown power cards contain info about the triggered ability,SELECT count(*) FROM cards WHERE power IS NULL AND keywords LIKE '%triggered ability%',SELECT Count(DISTINCT T1.id) FROM cards AS T1 INNER JOIN rulings AS T2 ON T1.uuid = T2.uuid WHERE (T1.power IS NULL OR T1.power = '*') AND T2.text LIKE '%triggered ability%',card_games
368,"Indicates the number of cards with pre-modern format, ruling text ""This is a triggered mana ability."" that do not have multiple faces.",SELECT count(DISTINCT T1.id) FROM cards AS T1 JOIN legalities AS T2 ON T1.uuid  =  T2.uuid JOIN rulings AS T3 ON T1.uuid  =  T3.uuid WHERE T2.format  =  'pre-modern' AND T3.text  =  'This is a triggered mana ability.' AND T1.otherFaceIds IS NULL,SELECT COUNT(T1.id) FROM cards AS T1 INNER JOIN legalities AS T2 ON T1.uuid = T2.uuid INNER JOIN rulings AS T3 ON T1.uuid = T3.uuid WHERE T2.format = 'premodern' AND T3.text = 'This is a triggered mana ability.' AND T1.Side IS NULL,card_games
369,"What is the foreign name of the card in French of type Creature, normal layout and black border color, by artist Matthew D. Wilson?",SELECT T1.name FROM foreign_data AS T1 JOIN cards AS T2 ON T1.uuid = T2.uuid WHERE T1.language = 'French' AND T1.type = 'Creature' AND T2.layout = 'normal' AND T2.borderColor = 'black' AND T2.artist = 'Matthew D. Wilson',SELECT name FROM foreign_data WHERE uuid IN ( SELECT uuid FROM cards WHERE types = 'Creature' AND layout = 'normal' AND borderColor = 'black' AND artist = 'Matthew D. Wilson' ) AND language = 'French',card_games
370,What language is the set of 180 cards that belongs to the Ravnica block translated into?,SELECT DISTINCT T1.language FROM set_translations AS T1 JOIN sets AS T2 ON T1.setCode = T2.code WHERE T2.totalSetSize = 180 AND T2.block = 'Ravnica',SELECT T2.language FROM sets AS T1 INNER JOIN set_translations AS T2 ON T1.code = T2.setCode WHERE T1.block = 'Ravnica' AND T1.baseSetSize = 180,card_games
371,What percentage of cards with format commander and legal status do not have a content warning?,SELECT CAST(SUM(CASE WHEN T1.hasContentWarning = 0 THEN 1 ELSE 0 END) AS REAL) * 100.0 / COUNT(T1.uuid) FROM cards AS T1 JOIN legalities AS T2 ON T1.uuid  =  T2.uuid WHERE T2.format  =  'commander' AND T2.status  =  'Legal',SELECT CAST(SUM(CASE WHEN T1.hasContentWarning = 0 THEN 1 ELSE 0 END) AS REAL) * 100 / COUNT(T1.id) FROM cards AS T1 INNER JOIN legalities AS T2 ON T1.uuid = T2.uuid WHERE T2.format = 'commander' AND T2.status = 'Legal',card_games
372,What percentage of cards without power are in French?,SELECT CAST(COUNT(DISTINCT CASE WHEN T2.language = 'French' THEN T1.uuid ELSE NULL END) AS REAL) * 100 / COUNT(DISTINCT T1.uuid) FROM cards AS T1 LEFT JOIN foreign_data AS T2 ON T1.uuid = T2.uuid WHERE T1.power IS NULL,SELECT CAST(SUM(CASE WHEN T2.language = 'French' THEN 1 ELSE 0 END) AS REAL) * 100 / COUNT(T1.id) FROM cards AS T1 INNER JOIN foreign_data AS T2 ON T1.uuid = T2.uuid WHERE T1.power IS NULL OR T1.power = '*',card_games
373,What is the language of the card with the multiverse number 149934?,SELECT language FROM foreign_data WHERE multiverseid = 149934,SELECT language FROM foreign_data WHERE multiverseid = 149934,card_games
374,What proportion of cards do not have a text box with a normal layout?,SELECT CAST(SUM(CASE WHEN text IS NULL OR layout != 'normal' THEN 1 ELSE 0 END) AS REAL) * 1.0 / COUNT(*) FROM cards,SELECT CAST(SUM(CASE WHEN isTextless = 1 AND layout = 'normal' THEN 1 ELSE 0 END) AS REAL) * 100 / COUNT(*) FROM cards,card_games
375,What languages are available in the set known as Archenemy on the magic card market and having the code ARC?,SELECT DISTINCT T2.language FROM sets AS T1 JOIN set_translations AS T2 ON T1.code = T2.setCode WHERE T1.name = 'Archenemy' AND T1.code = 'ARC',SELECT T2.language FROM sets AS T1 INNER JOIN set_translations AS T2 ON T1.code = T2.setCode WHERE T1.mcmName = 'Archenemy' AND T2.setCode = 'ARC',card_games
376,"Which foreign language used by ""A Pedra Fellwar""?",SELECT language FROM foreign_data WHERE name = 'A Pedra Fellwar',SELECT DISTINCT language FROM foreign_data WHERE name = 'A Pedra Fellwar',card_games
377,"Which card costs more converted mana, ""Serra Angel"" or ""Shrine Keeper""?",SELECT name FROM cards WHERE name  =  'Serra Angel' OR name  =  'Shrine Keeper' ORDER BY convertedManaCost DESC LIMIT 1,"SELECT name FROM cards WHERE name IN ('Serra Angel', 'Shrine Keeper') ORDER BY convertedManaCost DESC LIMIT 1",card_games
378,"What's the Italian name of the set of cards with ""Ancestor's Chosen"" is in?","SELECT T2.translation FROM cards AS T1 JOIN set_translations AS T2 ON T1.setCode  =  T2.setCode WHERE T1.name  =  ""Ancestor's Chosen"" AND T2.language  =  'Italian'",SELECT translation FROM set_translations WHERE setCode IN ( SELECT setCode FROM cards WHERE name = 'Ancestor''s Chosen' ) AND language = 'Italian',card_games
379,"For the set of cards with ""Ancestor's Chosen"" in it, is there a Korean version of it?","SELECT DISTINCT T2.language FROM cards AS T1 JOIN foreign_data AS T2 ON T1.uuid = T2.uuid WHERE T1.name = ""Ancestor's Chosen"" AND T2.language = 'Korean'","SELECT IIF(SUM(CASE WHEN T2.language = 'Korean' AND T2.translation IS NOT NULL THEN 1 ELSE 0 END) > 0, 'YES', 'NO') FROM cards AS T1 INNER JOIN set_translations AS T2 ON T2.setCode = T1.setCode WHERE T1.name = 'Ancestor''s Chosen'",card_games
380,"Among the cards in the set ""Hauptset Zehnte Edition"", how many of them are designed by Adam Rex?",SELECT count(T1.id) FROM cards AS T1 JOIN sets AS T2 ON T1.setCode  =  T2.code WHERE T1.artist  =  'Adam Rex' AND T2.name  =  'Hauptset Zehnte Edition',SELECT COUNT(T1.id) FROM cards AS T1 INNER JOIN set_translations AS T2 ON T2.setCode = T1.setCode WHERE T2.translation = 'Hauptset Zehnte Edition' AND T1.artist = 'Adam Rex',card_games
381,"What is the Simplified Chinese translation of the name of the set ""Eighth Edition""?",SELECT T1.translation FROM set_translations AS T1 JOIN sets AS T2 ON T1.setCode  =  T2.code WHERE T2.name  =  'Eighth Edition' AND T1.language  =  'Simplified Chinese',SELECT T2.translation FROM sets AS T1 INNER JOIN set_translations AS T2 ON T2.setCode = T1.code WHERE T1.name = 'Eighth Edition' AND T2.language = 'Chinese Simplified',card_games
382,"Did the set of cards with ""Angel of Mercy"" appear on Magic: The Gathering Online?",SELECT MAX(isOnlineOnly) FROM cards WHERE name = 'Angel of Mercy',"SELECT IIF(T2.mtgoCode IS NOT NULL, 'YES', 'NO') FROM cards AS T1 INNER JOIN sets AS T2 ON T2.code = T1.setCode WHERE T1.name = 'Angel of Mercy'",card_games
383,"Among the sets in the block ""Ice Age"", how many of them have an Italian translation?",SELECT count(DISTINCT T1.name) FROM sets AS T1 JOIN set_translations AS T2 ON T1.code = T2.setCode WHERE T1.block = 'Ice Age' AND T2.language = 'Italian',SELECT COUNT(DISTINCT T1.id) FROM sets AS T1 INNER JOIN set_translations AS T2 ON T2.setCode = T1.code WHERE T1.block = 'Ice Age' AND T2.language = 'Italian' AND T2.translation IS NOT NULL,card_games
384,Is the set of cards with Adarkar Valkyrie only available outside the United States?,SELECT T2.isForeignOnly FROM cards AS T1 JOIN sets AS T2 ON T1.setCode = T2.code WHERE T1.name = 'Adarkar Valkyrie',"SELECT IIF(isForeignOnly = 1, 'YES', 'NO') FROM cards AS T1 INNER JOIN sets AS T2 ON T2.code = T1.setCode WHERE T1.name = 'Adarkar Valkyrie'",card_games
385,"Among the sets of cards that have an Italian translation, how many of them have a base set number of under 100?",SELECT count(DISTINCT T1.code) FROM sets AS T1 JOIN set_translations AS T2 ON T1.code = T2.setCode WHERE T2.language = 'Italian' AND T1.baseSetSize < 100,SELECT COUNT(T1.id) FROM sets AS T1 INNER JOIN set_translations AS T2 ON T2.setCode = T1.code WHERE T2.translation IS NOT NULL AND T1.baseSetSize < 100 AND T2.language = 'Italian',card_games
386,"Which of these artists have designed a card in the set Coldsnap, Jeremy Jarvis, Aaron Miller or Chippy?","SELECT DISTINCT T1.artist FROM cards AS T1 JOIN sets AS T2 ON T1.setCode  =  T2.code WHERE T2.name  =  'Coldsnap' AND T1.artist IN ('Jeremy Jarvis', 'Aaron Miller', 'Chippy')",SELECT T1.artist FROM cards AS T1 INNER JOIN sets AS T2 ON T2.code = T1.setCode WHERE (T2.name = 'Coldsnap' AND T1.artist = 'Chippy') OR (T2.name = 'Coldsnap' AND T1.artist = 'Aaron Miller') OR (T2.name = 'Coldsnap' AND T1.artist = 'Jeremy Jarvis') GROUP BY T1.artist,card_games
387,"Among the cards with converted mana cost higher than 5 in the set Coldsnap, how many of them have unknown power?",SELECT count(T1.uuid) FROM cards AS T1 JOIN sets AS T2 ON T1.setCode  =  T2.code WHERE T1.convertedManaCost  >  5 AND T2.name  =  'Coldsnap' AND T1.power IS NULL,SELECT SUM(CASE WHEN T1.power = '*' OR T1.power IS NULL THEN 1 ELSE 0 END) FROM cards AS T1 INNER JOIN sets AS T2 ON T2.code = T1.setCode WHERE T2.name = 'Coldsnap' AND T1.convertedManaCost > 5,card_games
388,"What is the Italian flavor text of the card ""Ancestor's Chosen""?",SELECT flavorText FROM foreign_data WHERE language = 'Italian' AND name = 'Ancestor''s Chosen',SELECT T2.flavorText FROM cards AS T1 INNER JOIN foreign_data AS T2 ON T2.uuid = T1.uuid WHERE T1.name = 'Ancestor''s Chosen' AND T2.language = 'Italian',card_games
389,Please list the Italian text ruling of all the cards in the set Coldsnap.,SELECT T1.text FROM foreign_data AS T1 JOIN cards AS T2 ON T1.uuid  =  T2.uuid JOIN sets AS T3 ON T2.setCode  =  T3.code WHERE T1.language  =  'Italian' AND T3.name  =  'Coldsnap',SELECT DISTINCT T1.text FROM foreign_data AS T1 INNER JOIN cards AS T2 ON T2.uuid = T1.uuid INNER JOIN sets AS T3 ON T3.code = T2.setCode WHERE T3.name = 'Coldsnap' AND T1.language = 'Italian',card_games
390,Please list the Italian names of the cards in the set Coldsnap with the highest converted mana cost.,SELECT T1.name FROM foreign_data AS T1 JOIN cards AS T2 ON T1.uuid = T2.uuid JOIN sets AS T3 ON T2.setCode = T3.code WHERE T3.name = 'Coldsnap' AND T1.language = 'Italian' AND T2.convertedManaCost = (SELECT MAX(T4.convertedManaCost) FROM cards AS T4 JOIN sets AS T5 ON T4.setCode = T5.code WHERE T5.name = 'Coldsnap'),SELECT T2.name FROM foreign_data AS T1 INNER JOIN cards AS T2 ON T2.uuid = T1.uuid INNER JOIN sets AS T3 ON T3.code = T2.setCode WHERE T3.name = 'Coldsnap' AND T1.language = 'Italian' ORDER BY T2.convertedManaCost DESC,card_games
391,What is the percentage of the cards with a converted mana cost of 7 in the set Coldsnap?,SELECT CAST(SUM(CASE WHEN T1.convertedManaCost = 7 THEN 1 ELSE 0 END) AS REAL) * 100 / COUNT(T1.id) FROM cards AS T1 JOIN sets AS T2 ON T1.setCode = T2.code WHERE T2.name = 'Coldsnap',SELECT CAST(SUM(CASE WHEN T1.convertedManaCost = 7 THEN 1 ELSE 0 END) AS REAL) * 100 / COUNT(T1.id) FROM cards AS T1 INNER JOIN sets AS T2 ON T2.code = T1.setCode WHERE T2.name = 'Coldsnap',card_games
392,What is the percentage of incredibly powerful cards in the set Coldsnap?,SELECT CAST(COUNT(CASE WHEN CAST(T1.power AS INTEGER) > 5 THEN 1 ELSE NULL END) AS REAL) * 100 / COUNT(T1.id) FROM cards AS T1 JOIN sets AS T2 ON T1.setCode = T2.code WHERE T2.name = 'Coldsnap',SELECT CAST(SUM(CASE WHEN T1.cardKingdomFoilId IS NOT NULL AND T1.cardKingdomId IS NOT NULL THEN 1 ELSE 0 END) AS REAL) * 100 / COUNT(T1.id) FROM cards AS T1 INNER JOIN sets AS T2 ON T2.code = T1.setCode WHERE T2.name = 'Coldsnap',card_games
393,Which of the play format has the highest number of banned status? Indicate the play format and the names of all the card meet the condition.,"SELECT T1.format , T2.name FROM legalities AS T1 JOIN cards AS T2 ON T1.uuid = T2.uuid WHERE T1.status = 'Banned' AND T1.format = ( SELECT format FROM legalities WHERE status = 'Banned' GROUP BY format ORDER BY count(*) DESC LIMIT 1 )","WITH MaxBanned AS (SELECT format, COUNT(*) AS count_banned FROM legalities WHERE status = 'Banned' GROUP BY format ORDER BY COUNT(*) DESC LIMIT 1) SELECT T2.format, T1.name FROM cards AS T1 INNER JOIN legalities AS T2 ON T2.uuid = T1.uuid INNER JOIN MaxBanned MB ON MB.format = T2.format WHERE T2.status = 'Banned'",card_games
394,Which cards are ranked 1st on EDHRec? List all of the cards name and its banned play format.,"SELECT T1.name ,  T2.format FROM cards AS T1 JOIN legalities AS T2 ON T1.uuid  =  T2.uuid WHERE T1.edhrecRank  =  1 AND T2.status  =  'Banned'","SELECT T1.name, T2.format FROM cards AS T1 INNER JOIN legalities AS T2 ON T2.uuid = T1.uuid WHERE T1.edhrecRank = 1 AND T2.status = 'Banned' GROUP BY T1.name, T2.format",card_games
395,List the names of all the cards in the set Hour of Devastation and find the formats in which these cards are legal.,"SELECT DISTINCT T1.name ,  T3.format FROM cards AS T1 JOIN sets AS T2 ON T1.setCode  =  T2.code JOIN legalities AS T3 ON T1.uuid  =  T3.uuid WHERE T2.name  =  'Hour of Devastation'","SELECT DISTINCT T2.name , CASE WHEN T1.status = 'Legal' THEN T1.format ELSE NULL END FROM legalities AS T1 INNER JOIN cards AS T2 ON T2.uuid = T1.uuid WHERE T2.setCode IN ( SELECT code FROM sets WHERE name = 'Hour of Devastation' )",card_games
396,Find and list the names of sets which doesn't have Japanese translation but have Korean translation.,SELECT T1.name FROM sets AS T1 WHERE T1.code IN (SELECT setCode FROM set_translations WHERE language = 'Korean') AND T1.code NOT IN (SELECT setCode FROM set_translations WHERE language = 'Japanese'),SELECT name FROM sets WHERE code IN ( SELECT setCode FROM set_translations WHERE language = 'Korean' AND language NOT LIKE '%Japanese%' ),card_games
397,List all the frame styles and cards Allen Williams worked on and find any banned cards if there are any.,"SELECT T1.frameVersion ,  T1.name FROM cards AS T1 WHERE T1.artist  =  'Allen Williams' OR T1.uuid IN ( SELECT uuid FROM legalities WHERE status  =  'Banned' )","SELECT DISTINCT T1.frameVersion, T1.name , IIF(T2.status = 'Banned', T1.name, 'NO') FROM cards AS T1 INNER JOIN legalities AS T2 ON T1.uuid = T2.uuid WHERE T1.artist = 'Allen Williams'",card_games
398,What is the most common bond type?,SELECT bond_type FROM bond GROUP BY bond_type ORDER BY count(*) DESC LIMIT 1,"SELECT T.bond_type FROM ( SELECT bond_type, COUNT(bond_id) FROM bond GROUP BY bond_type ORDER BY COUNT(bond_id) DESC LIMIT 1 ) AS T",toxicology
399,Calculate the average number of oxygen atoms in single-bonded molecules.,"SELECT AVG(T3.oxygen_count) FROM ( SELECT T1.molecule_id, SUM(CASE WHEN T2.element = 'oxygen' THEN 1 ELSE 0 END) AS oxygen_count FROM molecule AS T1 WHERE T1.molecule_id IN (SELECT DISTINCT molecule_id FROM bond WHERE bond_type = '-') LEFT JOIN atom AS T2 ON T1.molecule_id = T2.molecule_id GROUP BY T1.molecule_id ) AS T3","SELECT AVG(oxygen_count) FROM (SELECT T1.molecule_id, COUNT(T1.element) AS oxygen_count FROM atom AS T1 INNER JOIN bond AS T2 ON T1.molecule_id = T2.molecule_id  WHERE T2.bond_type = '-' AND T1.element = 'o'  GROUP BY T1.molecule_id) AS oxygen_counts",toxicology
400,On average how many carcinogenic molecules are single bonded?,SELECT avg(T1.num) FROM (SELECT count(*) AS num FROM molecule AS T1 JOIN bond AS T2 ON T1.molecule_id  =  T2.molecule_id WHERE T1.label  =  '+' AND T2.bond_type  =  '-' GROUP BY T1.molecule_id) AS T1,"SELECT AVG(single_bond_count) FROM (SELECT T3.molecule_id, COUNT(T1.bond_type) AS single_bond_count FROM bond AS T1  INNER JOIN atom AS T2 ON T1.molecule_id = T2.molecule_id INNER JOIN molecule AS T3 ON T3.molecule_id = T2.molecule_id WHERE T1.bond_type = '-' AND T3.label = '+' GROUP BY T3.molecule_id) AS subquery",toxicology
401,Find the triple-bonded molecules which are carcinogenic.,SELECT T1.label FROM molecule AS T1 JOIN bond AS T2 ON T1.molecule_id  =  T2.molecule_id WHERE T2.bond_type  =  'triple' AND T1.label  =  'carcinogenic',SELECT DISTINCT T2.molecule_id FROM bond AS T1 INNER JOIN molecule AS T2 ON T1.molecule_id = T2.molecule_id WHERE T1.bond_type = '#' AND T2.label = '+',toxicology
402,What is the percentage of carbon in double-bond molecules?,SELECT sum(CASE WHEN T1.element = 'C' THEN 1 ELSE 0 END) * 100.0 / count(T1.atom_id) FROM atom AS T1 WHERE T1.molecule_id IN ( SELECT T2.molecule_id FROM bond AS T2 WHERE T2.bond_type = 'double' ),SELECT CAST(COUNT(DISTINCT CASE WHEN T1.element = 'c' THEN T1.atom_id ELSE NULL END) AS REAL) * 100 / COUNT(DISTINCT T1.atom_id) FROM atom AS T1 INNER JOIN bond AS T2 ON T1.molecule_id = T2.molecule_id WHERE T2.bond_type = '=',toxicology
403,What elements are in the TR004_8_9 bond atoms?,SELECT DISTINCT T1.element FROM atom AS T1 JOIN connected AS T2 ON T1.atom_id  =  T2.atom_id OR T1.atom_id  =  T2.atom_id2 JOIN bond AS T3 ON T2.bond_id  =  T3.bond_id WHERE T3.bond_id  =  'TR004_8_9',SELECT DISTINCT T1.element FROM atom AS T1 INNER JOIN connected AS T2 ON T1.atom_id = T2.atom_id WHERE T2.bond_id = 'TR004_8_9',toxicology
404,What elements are in a double type bond?,SELECT DISTINCT T1.element FROM atom AS T1 JOIN connected AS T2 ON (T1.atom_id = T2.atom_id OR T1.atom_id = T2.atom_id2) JOIN bond AS T3 ON T2.bond_id = T3.bond_id WHERE T3.bond_type = 'double',SELECT DISTINCT T1.element FROM atom AS T1 INNER JOIN bond AS T2 ON T1.molecule_id = T2.molecule_id INNER JOIN connected AS T3 ON T1.atom_id = T3.atom_id WHERE T2.bond_type = '=',toxicology
405,Which type of label is the most numerous in atoms with hydrogen?,SELECT T1.label FROM molecule AS T1 JOIN atom AS T2 ON T1.molecule_id = T2.molecule_id WHERE T2.element = 'H' GROUP BY T1.label ORDER BY count(*) DESC LIMIT 1,"SELECT T.label FROM ( SELECT T2.label, COUNT(T2.molecule_id) FROM atom AS T1 INNER JOIN molecule AS T2 ON T1.molecule_id = T2.molecule_id WHERE T1.element = 'h' GROUP BY T2.label ORDER BY COUNT(T2.molecule_id) DESC LIMIT 1 ) t",toxicology
406,Which element is the least numerous in non-carcinogenic molecules?,SELECT T1.element FROM atom AS T1 JOIN molecule AS T2 ON T1.molecule_id = T2.molecule_id WHERE T2.label = '-' GROUP BY T1.element ORDER BY count(*) ASC LIMIT 1,"SELECT T.element FROM (SELECT T1.element, COUNT(DISTINCT T1.molecule_id) FROM atom AS T1 INNER JOIN molecule AS T2 ON T1.molecule_id = T2.molecule_id WHERE T2.label = '-' GROUP BY T1.element ORDER BY COUNT(DISTINCT T1.molecule_id) ASC LIMIT 1) t",toxicology
407,What type of bond is there between the atoms TR004_8 and TR004_20?,SELECT T1.bond_type FROM bond AS T1 JOIN connected AS T2 ON T1.bond_id = T2.bond_id WHERE (T2.atom_id = 'TR004_8' AND T2.atom_id2 = 'TR004_20') OR (T2.atom_id = 'TR004_20' AND T2.atom_id2 = 'TR004_8'),SELECT T1.bond_type FROM bond AS T1 INNER JOIN connected AS T2 ON T1.bond_id = T2.bond_id WHERE T2.atom_id = 'TR004_8' AND T2.atom_id2 = 'TR004_20' OR T2.atom_id2 = 'TR004_8' AND T2.atom_id = 'TR004_20',toxicology
408,How many atoms with iodine and with sulfur type elements are there in single bond molecules?,SELECT count(DISTINCT T1.atom_id) FROM atom AS T1 WHERE T1.molecule_id IN ( SELECT T3.molecule_id FROM bond AS T3 WHERE T3.bond_type  =  '-' ) AND (T1.element  =  'iodine' OR T1.element  =  'sulfur'),"SELECT COUNT(DISTINCT CASE WHEN T1.element = 'i' THEN T1.atom_id ELSE NULL END) AS iodine_nums , COUNT(DISTINCT CASE WHEN T1.element = 's' THEN T1.atom_id ELSE NULL END) AS sulfur_nums FROM atom AS T1 INNER JOIN connected AS T2 ON T1.atom_id = T2.atom_id INNER JOIN bond AS T3 ON T2.bond_id = T3.bond_id WHERE T3.bond_type = '-'",toxicology
409,What percentage of carcinogenic-type molecules does not contain fluorine?,SELECT CAST(COUNT(T1.molecule_id) AS REAL) * 100.0 / (SELECT COUNT(molecule_id) FROM molecule WHERE label = 'carcinogenic') FROM molecule AS T1 WHERE T1.label = 'carcinogenic' AND T1.molecule_id NOT IN (SELECT DISTINCT molecule_id FROM atom WHERE element = 'F'),SELECT CAST(COUNT(DISTINCT CASE WHEN T1.element <> 'f' THEN T2.molecule_id ELSE NULL END) AS REAL) * 100 / COUNT(DISTINCT T2.molecule_id) FROM atom AS T1 INNER JOIN molecule AS T2 ON T1.molecule_id = T2.molecule_id WHERE T2.label = '+',toxicology
410,What is the percentage of carcinogenic molecules in triple type bonds?,SELECT CAST( (SELECT COUNT(DISTINCT T1.molecule_id) FROM molecule AS T1 JOIN bond AS T2 ON T1.molecule_id = T2.molecule_id WHERE T2.bond_type = 'triple' AND T1.label = '+') AS REAL) * 100 / (SELECT COUNT(DISTINCT T1.molecule_id) FROM molecule AS T1 JOIN bond AS T2 ON T1.molecule_id = T2.molecule_id WHERE T2.bond_type = 'triple'),SELECT CAST(COUNT(DISTINCT CASE WHEN T2.label = '+' THEN T2.molecule_id ELSE NULL END) AS REAL) * 100 / COUNT(DISTINCT T2.molecule_id) FROM atom AS T1 INNER JOIN molecule AS T2 ON T1.molecule_id = T2.molecule_id INNER JOIN bond AS T3 ON T2.molecule_id = T3.molecule_id WHERE T3.bond_type = '#',toxicology
411,Please list top three elements of the toxicology of the molecule TR000 in alphabetical order.,SELECT T1.element FROM atom AS T1 INNER JOIN molecule AS T2 ON T1.molecule_id = T2.molecule_id WHERE T2.label = 'TR000' ORDER BY T1.element LIMIT 3,SELECT DISTINCT T.element FROM atom AS T WHERE T.molecule_id = 'TR000' ORDER BY T.element LIMIT 3,toxicology
412,What is the percentage of double bonds in the molecule TR008? Please provide your answer as a percentage with five decimal places.,"SELECT ROUND(SUM(CASE WHEN T1.bond_type = 'double' THEN 1 ELSE 0 END) * 100.0 / COUNT(T1.bond_id), 5) FROM bond AS T1 INNER JOIN molecule AS T2 ON T1.molecule_id = T2.molecule_id WHERE T2.label = 'TR008'","SELECT ROUND(CAST(COUNT(CASE WHEN T.bond_type = '=' THEN T.bond_id ELSE NULL END) AS REAL) * 100 / COUNT(T.bond_id),5) FROM bond AS T WHERE T.molecule_id = 'TR008'",toxicology
413,What is the percentage of molecules that are carcinogenic? Please provide your answer as a percentage with three decimal places.,"SELECT ROUND(CAST(SUM(CASE WHEN label = '+' THEN 1 ELSE 0 END) AS REAL) * 100.0 / COUNT(*), 3) FROM molecule","SELECT ROUND(CAST(COUNT(CASE WHEN T.label = '+' THEN T.molecule_id ELSE NULL END) AS REAL) * 100 / COUNT(T.molecule_id),3) FROM molecule t",toxicology
414,How much of the hydrogen in molecule TR206 is accounted for? Please provide your answer as a percentage with four decimal places.,"SELECT ROUND(CAST(SUM(CASE WHEN T1.element = 'H' THEN 1 ELSE 0 END) AS REAL) * 100.0 / COUNT(T1.atom_id), 4) FROM atom AS T1 WHERE T1.molecule_id = 'TR206'","SELECT ROUND(CAST(COUNT(CASE WHEN T.element = 'h' THEN T.atom_id ELSE NULL END) AS REAL) * 100 / COUNT(T.atom_id),4) FROM atom AS T WHERE T.molecule_id = 'TR206'",toxicology
415,What are the elements of the toxicology and label of molecule TR060?,"SELECT DISTINCT T1.element , T2.label FROM atom AS T1 JOIN molecule AS T2 ON T1.molecule_id  =  T2.molecule_id WHERE T1.molecule_id  =  'TR060'","SELECT DISTINCT T1.element, T2.label FROM atom AS T1 INNER JOIN molecule AS T2 ON T1.molecule_id = T2.molecule_id WHERE T2.molecule_id = 'TR060'",toxicology
416,Which bond type accounted for the majority of the bonds found in molecule TR010 and state whether or not this molecule is carcinogenic?,SELECT T1.bond_type FROM bond AS T1 JOIN molecule AS T2 ON T1.molecule_id = T2.molecule_id WHERE T2.label = 'TR010' GROUP BY T1.bond_type ORDER BY count(*) DESC LIMIT 1,"SELECT T.bond_type FROM ( SELECT T1.bond_type, COUNT(T1.molecule_id) FROM bond AS T1  WHERE T1.molecule_id = 'TR010' GROUP BY T1.bond_type ORDER BY COUNT(T1.molecule_id) DESC LIMIT 1 ) AS T",toxicology
417,Please list top three molecules that have single bonds between two atoms and are not carcinogenic in alphabetical order.,SELECT DISTINCT T1.label FROM molecule AS T1 JOIN bond AS T2 ON T1.molecule_id = T2.molecule_id WHERE T2.bond_type = '-' ORDER BY T1.label LIMIT 3,SELECT DISTINCT T2.molecule_id FROM bond AS T1 INNER JOIN molecule AS T2 ON T1.molecule_id = T2.molecule_id WHERE T1.bond_type = '-' AND T2.label = '-' ORDER BY T2.molecule_id LIMIT 3,toxicology
418,How many bonds which involved atom 12 does molecule TR009 have?,SELECT count(DISTINCT T2.bond_id) FROM molecule AS T1 JOIN bond AS T2 ON T1.molecule_id  =  T2.molecule_id JOIN connected AS T3 ON T2.bond_id  =  T3.bond_id WHERE T1.molecule_id  =  'TR009' AND (T3.atom_id  =  '12' OR T3.atom_id2  =  '12'),SELECT COUNT(T2.bond_id) FROM bond AS T1 INNER JOIN connected AS T2 ON T1.bond_id = T2.bond_id WHERE T1.molecule_id = 'TR009' AND T2.atom_id = T1.molecule_id || '_1' OR T2.atom_id2 = T1.molecule_id || '_2',toxicology
419,What are the bond type and the atoms of the bond ID of TR001_6_9?,"SELECT T1.bond_type ,  T2.atom_id ,  T2.atom_id2 FROM bond AS T1 JOIN connected AS T2 ON T1.bond_id  =  T2.bond_id WHERE T1.bond_id  =  'TR001_6_9'","SELECT T1.bond_type, T2.atom_id, T2.atom_id2 FROM bond AS T1 INNER JOIN connected AS T2 ON T1.bond_id = T2.bond_id WHERE T2.bond_id = 'TR001_6_9'",toxicology
420,How many connections does the atom 19 have?,SELECT count(*) FROM connected WHERE atom_id = '19' OR atom_id2 = '19',"SELECT COUNT(T.bond_id) FROM connected AS T WHERE SUBSTR(T.atom_id, -2) = '19'",toxicology
421,"List all the elements of the toxicology of the molecule ""TR004"".",SELECT DISTINCT T1.element FROM atom AS T1 JOIN molecule AS T2 ON T1.molecule_id = T2.molecule_id WHERE T2.label = 'TR004',SELECT DISTINCT T.element FROM atom AS T WHERE T.molecule_id = 'TR004',toxicology
422,"Among all the atoms from 21 to 25, list all the molecules that are carcinogenic.",SELECT DISTINCT T2.molecule_id FROM atom AS T1 JOIN molecule AS T2 ON T1.molecule_id  =  T2.molecule_id WHERE T1.atom_id BETWEEN 21 AND 25 AND T2.label  =  '+',"SELECT DISTINCT T2.molecule_id FROM atom AS T1 INNER JOIN molecule AS T2 ON T1.molecule_id = T2.molecule_id WHERE SUBSTR(T1.atom_id, -2) BETWEEN '21' AND '25' AND T2.label = '+'",toxicology
423,What are the bonds that have phosphorus and nitrogen as their atom elements?,SELECT DISTINCT T1.bond_type FROM bond AS T1 WHERE T1.bond_id IN (SELECT T2.bond_id FROM connected AS T2 JOIN atom AS T3 ON T2.atom_id = T3.atom_id JOIN atom AS T4 ON T2.atom_id2 = T4.atom_id WHERE (T3.element = 'phosphorus' AND T4.element = 'nitrogen') OR (T3.element = 'nitrogen' AND T4.element = 'phosphorus')),SELECT T2.bond_id FROM atom AS T1 INNER JOIN connected AS T2 ON T1.atom_id = T2.atom_id WHERE T2.bond_id IN ( SELECT T3.bond_id FROM connected AS T3 INNER JOIN atom AS T4 ON T3.atom_id = T4.atom_id WHERE T4.element = 'p' ) AND T1.element = 'n',toxicology
424,Is the molecule with the most double bonds carcinogenic?,SELECT T2.label FROM bond AS T1 JOIN molecule AS T2 ON T1.molecule_id = T2.molecule_id WHERE T1.bond_type = 'double' GROUP BY T1.molecule_id ORDER BY count(*) DESC LIMIT 1,"SELECT T1.label FROM molecule AS T1 INNER JOIN ( SELECT T.molecule_id, COUNT(T.bond_type) FROM bond AS T WHERE T.bond_type = '=' GROUP BY T.molecule_id ORDER BY COUNT(T.bond_type) DESC LIMIT 1 ) AS T2 ON T1.molecule_id = T2.molecule_id",toxicology
425,What is the average number of bonds the atoms with the element iodine have?,SELECT avg(num_bonds) FROM (SELECT count(DISTINCT T2.bond_id) AS num_bonds FROM atom AS T1 LEFT JOIN connected AS T2 ON T1.atom_id = T2.atom_id OR T1.atom_id = T2.atom_id2 WHERE T1.element = 'iodine' GROUP BY T1.atom_id),SELECT CAST(COUNT(T2.bond_id) AS REAL) / COUNT(T1.atom_id) FROM atom AS T1 INNER JOIN connected AS T2 ON T1.atom_id = T2.atom_id WHERE T1.element = 'i',toxicology
426,List all the elements of atoms that can not bond with any other atoms.,SELECT T1.element FROM atom AS T1 WHERE T1.atom_id NOT IN (SELECT atom_id FROM connected UNION SELECT atom_id2 FROM connected),SELECT DISTINCT T.element FROM atom AS T WHERE T.element NOT IN ( SELECT DISTINCT T1.element FROM atom AS T1 INNER JOIN connected AS T2 ON T1.atom_id = T2.atom_id ),toxicology
427,"What are the atoms of the triple bond with the molecule ""TR041""?",SELECT DISTINCT T3.atom_id FROM molecule AS T1 JOIN bond AS T2 ON T1.molecule_id = T2.molecule_id JOIN connected AS T3 ON T2.bond_id = T3.bond_id WHERE T1.label = 'TR041' AND T2.bond_type = 'triple' UNION SELECT DISTINCT T3.atom_id2 FROM molecule AS T1 JOIN bond AS T2 ON T1.molecule_id = T2.molecule_id JOIN connected AS T3 ON T2.bond_id = T3.bond_id WHERE T1.label = 'TR041' AND T2.bond_type = 'triple',"SELECT T2.atom_id, T2.atom_id2 FROM atom AS T1 INNER JOIN connected AS T2 ON T1.atom_id = T2.atom_id INNER JOIN bond AS T3 ON T2.bond_id = T3.bond_id WHERE T3.bond_type = '#' AND T3.molecule_id = 'TR041'",toxicology
428,What are the elements of the atoms of TR144_8_19?,SELECT T1.element FROM atom AS T1 JOIN molecule AS T2 ON T1.molecule_id  =  T2.molecule_id WHERE T2.label  =  'TR144_8_19',SELECT T2.element FROM connected AS T1 INNER JOIN atom AS T2 ON T1.atom_id = T2.atom_id WHERE T1.bond_id = 'TR144_8_19',toxicology
429,List the elements of all the triple bonds.,SELECT DISTINCT T1.element FROM atom AS T1 JOIN connected AS T2 ON T1.atom_id = T2.atom_id OR T1.atom_id = T2.atom_id2 JOIN bond AS T3 ON T2.bond_id = T3.bond_id WHERE T3.bond_type = 'triple',SELECT DISTINCT T3.element FROM bond AS T1 INNER JOIN connected AS T2 ON T1.bond_id = T2.bond_id INNER JOIN atom AS T3 ON T2.atom_id = T3.atom_id WHERE T1.bond_type = '#',toxicology
430,What proportion of single bonds are carcinogenic? Please provide your answer as a percentage with five decimal places.,"SELECT CAST(SUM(CASE WHEN T1.bond_type = 'single' AND T2.label = '+' THEN 1 ELSE 0 END) * 100.0 / SUM(CASE WHEN T1.bond_type = 'single' THEN 1 ELSE 0 END) AS DECIMAL(10, 5)) FROM bond AS T1 JOIN molecule AS T2 ON T1.molecule_id = T2.molecule_id","SELECT ROUND(CAST(COUNT(CASE WHEN T2.label = '+' THEN T1.bond_id ELSE NULL END) AS REAL) * 100 / COUNT(T1.bond_id),5) FROM bond AS T1 INNER JOIN molecule AS T2 ON T1.molecule_id = T2.molecule_id WHERE T1.bond_type = '-'",toxicology
431,Calculate the total atoms with triple-bond molecules containing the element phosphorus or bromine.,SELECT count(DISTINCT T1.atom_id) FROM atom AS T1 JOIN bond AS T3 ON T1.molecule_id = T3.molecule_id WHERE T3.bond_type = 'triple' AND (T1.element = 'phosphorus' OR T1.element = 'bromine'),"SELECT COUNT(T1.atom_id) FROM atom AS T1 INNER JOIN molecule AS T2 ON T1.molecule_id = T2.molecule_id INNER JOIN bond AS T3 ON T2.molecule_id = T3.molecule_id WHERE T3.bond_type = '#' AND T1.element IN ('p', 'br')",toxicology
432,What is the composition of element chlorine in percentage among the single bond molecules?,SELECT CAST(SUM(CASE WHEN T1.element = 'cl' THEN 1 ELSE 0 END) AS REAL) * 100 / COUNT(T1.atom_id) FROM atom AS T1 WHERE T1.molecule_id IN (SELECT DISTINCT molecule_id FROM bond WHERE bond_type = '-'),"SELECT CAST(COUNT(CASE WHEN T.element = 'cl' THEN T.atom_id ELSE NULL END) AS REAL) * 100 / COUNT(T.atom_id) FROM ( SELECT T1.atom_id, T1.element FROM atom AS T1 INNER JOIN molecule AS T2 ON T1.molecule_id = T2.molecule_id INNER JOIN bond AS T3 ON T2.molecule_id = T3.molecule_id WHERE T3.bond_type = '-' ) AS T",toxicology
433,What are the elements for bond id TR001_10_11?,SELECT DISTINCT T1.element FROM atom AS T1 JOIN connected AS T2 ON T1.atom_id = T2.atom_id WHERE T2.bond_id = 'TR001_10_11' UNION SELECT DISTINCT T1.element FROM atom AS T1 JOIN connected AS T2 ON T1.atom_id = T2.atom_id2 WHERE T2.bond_id = 'TR001_10_11',SELECT T2.element FROM connected AS T1 INNER JOIN atom AS T2 ON T1.atom_id = T2.atom_id WHERE T1.bond_id = 'TR001_10_11',toxicology
434,What is the percentage of element chlorine in carcinogenic molecules?,SELECT CAST(SUM(CASE WHEN T1.element = 'cl' THEN 1 ELSE 0 END) AS REAL) * 100 / COUNT(T1.atom_id) FROM atom AS T1 JOIN molecule AS T2 ON T1.molecule_id = T2.molecule_id WHERE T2.label = '+',SELECT CAST(COUNT( CASE WHEN T1.element = 'cl' THEN T1.element ELSE NULL END) AS REAL) * 100 / COUNT(T1.element) FROM atom AS T1 INNER JOIN molecule AS T2 ON T1.molecule_id = T2.molecule_id WHERE T2.label = '+',toxicology
435,Tally the toxicology element of the 4th atom of each molecule that was carcinogenic.,"SELECT count(T1.element) , T1.element FROM atom AS T1 JOIN molecule AS T2 ON T1.molecule_id = T2.molecule_id WHERE T2.label = '+' AND T1.atom_id LIKE '%_4' GROUP BY T1.element","SELECT DISTINCT T1.element FROM atom AS T1 INNER JOIN molecule AS T2 ON T1.molecule_id = T2.molecule_id WHERE T2.label = '+' AND SUBSTR(T1.atom_id, -1) = '4' AND LENGTH(T1.atom_id) = 7",toxicology
436,What is the ratio of Hydrogen elements in molecule ID TR006? List the ratio with its label.,"SELECT CAST(SUM(CASE WHEN T1.element = 'H' THEN 1 ELSE 0 END) AS REAL) / COUNT(T1.atom_id) ,  T2.label FROM atom AS T1 JOIN molecule AS T2 ON T1.molecule_id  =  T2.molecule_id WHERE T1.molecule_id  =  'TR006' GROUP BY T2.label","WITH SubQuery AS (SELECT DISTINCT T1.atom_id, T1.element, T1.molecule_id, T2.label FROM atom AS T1 INNER JOIN molecule AS T2 ON T1.molecule_id = T2.molecule_id WHERE T2.molecule_id = 'TR006') SELECT CAST(COUNT(CASE WHEN element = 'h' THEN atom_id ELSE NULL END) AS REAL) / (CASE WHEN COUNT(atom_id) = 0 THEN NULL ELSE COUNT(atom_id) END) AS ratio, label FROM SubQuery GROUP BY label",toxicology
437,Which non-carcinogenic molecules consisted more than 5 atoms?,SELECT T1.label FROM molecule AS T1 JOIN atom AS T2 ON T1.molecule_id  =  T2.molecule_id WHERE T1.label != '+' GROUP BY T1.molecule_id HAVING count(T2.atom_id)  >  5,"SELECT T.molecule_id FROM ( SELECT T1.molecule_id, COUNT(T2.atom_id) FROM molecule AS T1 INNER JOIN atom AS T2 ON T1.molecule_id = T2.molecule_id WHERE T1.label = '-' GROUP BY T1.molecule_id HAVING COUNT(T2.atom_id) > 5 ) t",toxicology
438,How many schools with an average score in Math greater than 400 in the SAT test are exclusively virtual?,SELECT count(T1.CDSCode) FROM schools AS T1 JOIN satscores AS T2 ON T1.CDSCode = T2.cds WHERE T2.AvgScrMath > 400 AND T1.Virtual = 'Y',SELECT COUNT(DISTINCT T2.School) FROM satscores AS T1 INNER JOIN schools AS T2 ON T1.cds = T2.CDSCode WHERE T2.Virtual = 'F' AND T1.AvgScrMath > 400,california_schools
439,Please list the codes of the schools with a total enrollment of over 500.,"SELECT DISTINCT T1.CDSCode FROM schools AS T1 JOIN frpm AS T3 ON T1.CDSCode = T3.CDSCode WHERE T3.""Enrollment (K-12)"" > 500",SELECT T2.CDSCode FROM schools AS T1 INNER JOIN frpm AS T2 ON T1.CDSCode = T2.CDSCode WHERE T2.`Enrollment (K-12)` + T2.`Enrollment (Ages 5-17)` > 500,california_schools
440,"Among the schools with an SAT excellence rate of over 0.3, what is the highest eligible free rate for students aged 5-17?",SELECT max(T1.`Percent (%) Eligible Free (Ages 5-17)`) FROM frpm AS T1 JOIN satscores AS T2 ON T1.CDSCode = T2.cds WHERE T2.NumGE1500 * 1.0 / T2.NumTstTakr > 0.3,SELECT MAX(CAST(T1.`Free Meal Count (Ages 5-17)` AS REAL) / T1.`Enrollment (Ages 5-17)`) FROM frpm AS T1 INNER JOIN satscores AS T2 ON T1.CDSCode = T2.cds WHERE CAST(T2.NumGE1500 AS REAL) / T2.NumTstTakr > 0.3,california_schools
441,"Rank schools by their average score in Writing where the score is greater than 499, showing their charter numbers.","SELECT T1.CharterNum ,  T2.AvgScrWrite FROM schools AS T1 JOIN satscores AS T2 ON T1.CDSCode  =  T2.cds WHERE T2.AvgScrWrite  >  499 ORDER BY T2.AvgScrWrite DESC","SELECT CharterNum, AvgScrWrite, RANK() OVER (ORDER BY AvgScrWrite DESC) AS WritingScoreRank FROM schools AS T1  INNER JOIN satscores AS T2 ON T1.CDSCode = T2.cds WHERE T2.AvgScrWrite > 499 AND CharterNum is not null",california_schools
442,List the names of schools with more than 30 difference in enrollements between K-12 and ages 5-17? Please also give the full street adress of the schools.,"SELECT T1.School , T1.Street FROM schools AS T1 JOIN frpm AS T2 ON T1.CDSCode = T2.CDSCode WHERE ABS(T2.`Enrollment (K-12)` - T2.`Enrollment (Ages 5-17)`) > 30","SELECT T1.School, T1.Street FROM schools AS T1 INNER JOIN frpm AS T2 ON T1.CDSCode = T2.CDSCode WHERE T2.`Enrollment (K-12)` - T2.`Enrollment (Ages 5-17)` > 30",california_schools
443,Give the names of the schools with the percent eligible for free meals in K-12 is more than 0.1 and test takers whose test score is greater than or equal to 1500?,SELECT DISTINCT T1.School FROM schools AS T1 JOIN frpm AS T2 ON T1.CDSCode = T2.CDSCode JOIN satscores AS T3 ON T1.CDSCode = T3.cds WHERE T2.`Percent (%) Eligible Free (K-12)` > 0.1 AND T3.NumGE1500 >= 1500,SELECT T2.`School Name` FROM satscores AS T1 INNER JOIN frpm AS T2 ON T1.cds = T2.CDSCode WHERE CAST(T2.`Free Meal Count (K-12)` AS REAL) / T2.`Enrollment (K-12)` > 0.1 AND T1.NumGE1500 > 0,california_schools
444,"Name schools in Riverside which the average of average math score for SAT is grater than 400, what is the funding type of these schools?","SELECT T1.School , T1.FundingType FROM schools AS T1 JOIN satscores AS T2 ON T1.CDSCode = T2.cds WHERE T1.County = 'Riverside' GROUP BY T1.CDSCode HAVING AVG(T2.AvgScrMath) > 400","SELECT T1.sname, T2.`Charter Funding Type` FROM satscores AS T1 INNER JOIN frpm AS T2 ON T1.cds = T2.CDSCode WHERE T2.`District Name` LIKE 'Riverside%' GROUP BY T1.sname, T2.`Charter Funding Type` HAVING CAST(SUM(T1.AvgScrMath) AS REAL) / COUNT(T1.cds) > 400",california_schools
445,State the names and full communication address of high schools in Monterey which has more than 800 free or reduced price meals for ages 15-17?,"SELECT T1.School ,  T1.Street ,  T1.City ,  T1.Zip ,  T1.State FROM schools AS T1 JOIN frpm AS T2 ON T1.CDSCode  =  T2.CDSCode WHERE T1.County  =  'Monterey' AND T2.`School Type`  =  'High Schools (Public)' AND T2.`FRPM Count (Ages 5-17)`  >  800","SELECT T1.`School Name`, T2.Street, T2.City, T2.State, T2.Zip FROM frpm AS T1 INNER JOIN schools AS T2 ON T1.CDSCode = T2.CDSCode WHERE T2.County = 'Monterey' AND T1.`Free Meal Count (Ages 5-17)` > 800 AND T1.`School Type` = 'High Schools (Public)'",california_schools
446,"What is the average score in writing for the schools that were opened after 1991 or closed before 2000? List the school names along with the score. Also, list the communication number of the schools if there is any.","SELECT T1.AvgScrWrite, T2.School, T2.Phone FROM satscores AS T1 JOIN schools AS T2 ON T1.cds = T2.CDSCode WHERE CAST(SUBSTR(T2.OpenDate, 1, 4) AS INTEGER) > 1991 OR CAST(SUBSTR(T2.ClosedDate, 1, 4) AS INTEGER) < 2000","SELECT T2.School, T1.AvgScrWrite, T2.Phone FROM schools AS T2 LEFT JOIN satscores AS T1 ON T2.CDSCode = T1.cds WHERE strftime('%Y', T2.OpenDate) > '1991' OR strftime('%Y', T2.ClosedDate) < '2000'",california_schools
447,"Consider the average difference between K-12 enrollment and 15-17 enrollment of schools that are locally funded, list the names and DOC type of schools which has a difference above this average.","SELECT T2.School ,  T2.DOCType FROM frpm AS T1 JOIN schools AS T2 ON T1.CDSCode  =  T2.CDSCode WHERE (T1.""Enrollment (K-12)"" - T1.""Enrollment (Ages 5-17)"")  >  (SELECT avg(T3.""Enrollment (K-12)"" - T3.""Enrollment (Ages 5-17)"") FROM frpm AS T3 JOIN schools AS T4 ON T3.CDSCode  =  T4.CDSCode WHERE T4.FundingType  =  'Local')","SELECT T2.School, T2.DOC FROM frpm AS T1 INNER JOIN schools AS T2 ON T1.CDSCode = T2.CDSCode WHERE T2.FundingType = 'Locally funded' AND (T1.`Enrollment (K-12)` - T1.`Enrollment (Ages 5-17)`) > (SELECT AVG(T3.`Enrollment (K-12)` - T3.`Enrollment (Ages 5-17)`) FROM frpm AS T3 INNER JOIN schools AS T4 ON T3.CDSCode = T4.CDSCode WHERE T4.FundingType = 'Locally funded')",california_schools
448,What is the eligible free rate of the 10th and 11th schools with the highest enrolment for students in grades 1 through 12?,"SELECT ""Percent (%) Eligible Free (K-12)"" FROM frpm ORDER BY ""Enrollment (K-12)"" DESC LIMIT 2 OFFSET 9","SELECT CAST(`Free Meal Count (K-12)` AS REAL) / `Enrollment (K-12)` FROM frpm ORDER BY `Enrollment (K-12)` DESC LIMIT 9, 2",california_schools
449,What is the eligible free or reduced price meal rate for the top 5 schools in grades 1-12 with the highest free or reduced price meal count of the schools with the ownership code 66?,SELECT T1.`Percent (%) Eligible FRPM (K-12)` FROM frpm AS T1 JOIN schools AS T2 ON T1.CDSCode = T2.CDSCode WHERE T1.`Low Grade` != 'K' AND T1.`High Grade` = '12' AND T2.DOC = '66' ORDER BY T1.`FRPM Count (K-12)` DESC LIMIT 5,SELECT CAST(T1.`FRPM Count (K-12)` AS REAL) / T1.`Enrollment (K-12)` FROM frpm AS T1 INNER JOIN schools AS T2 ON T1.CDSCode = T2.CDSCode WHERE T2.SOC = 66 ORDER BY T1.`FRPM Count (K-12)` DESC LIMIT 5,california_schools
450,"What is the complete address of the school with the lowest excellence rate? Indicate the Street, City, Zip and State.","SELECT T1.Street , T1.City , T1.Zip , T1.State FROM schools AS T1 JOIN satscores AS T2 ON T1.CDSCode = T2.cds WHERE T2.NumGE1500 = (SELECT min(NumGE1500) FROM satscores)","SELECT T2.Street, T2.City, T2.State, T2.Zip FROM satscores AS T1 INNER JOIN schools AS T2 ON T1.cds = T2.CDSCode ORDER BY CAST(T1.NumGE1500 AS REAL) / T1.NumTstTakr ASC LIMIT 1",california_schools
451,Under whose administration is the school with the highest number of students scoring 1500 or more on the SAT? Indicate their full names.,"SELECT T1.AdmFName1 , T1.AdmLName1 FROM schools AS T1 JOIN satscores AS T2 ON T1.CDSCode = T2.cds WHERE T2.NumGE1500 = (SELECT max(NumGE1500) FROM satscores)","SELECT T2.AdmFName1, T2.AdmLName1, T2.AdmFName2, T2.AdmLName2, T2.AdmFName3, T2.AdmLName3 FROM satscores AS T1 INNER JOIN schools AS T2 ON T1.cds = T2.CDSCode ORDER BY T1.NumGE1500 DESC LIMIT 1",california_schools
452,What is the average number of test takers from Fresno schools that opened between 1/1/1980 and 12/31/1980?,SELECT avg(T1.NumTstTakr) FROM satscores AS T1 JOIN schools AS T2 ON T1.cds = T2.CDSCode WHERE T2.City = 'Fresno' AND T2.OpenDate BETWEEN '1980-01-01' AND '1980-12-31',"SELECT AVG(T1.NumTstTakr) FROM satscores AS T1 INNER JOIN schools AS T2 ON T1.cds = T2.CDSCode WHERE strftime('%Y', T2.OpenDate) = '1980' AND T2.County = 'Fresno'",california_schools
453,What is the telephone number for the school with the lowest average score in reading in Fresno Unified?,SELECT T1.Phone FROM schools AS T1 JOIN satscores AS T2 ON T1.CDSCode = T2.cds WHERE T2.dname = 'Fresno Unified' ORDER BY T2.AvgScrRead ASC LIMIT 1,SELECT T2.Phone FROM satscores AS T1 INNER JOIN schools AS T2 ON T1.cds = T2.CDSCode WHERE T2.District = 'Fresno Unified' AND T1.AvgScrRead IS NOT NULL ORDER BY T1.AvgScrRead ASC LIMIT 1,california_schools
454,List the names of virtual schools that are among the top 5 in their respective counties based on average reading scores.,"WITH RankedSchools AS (   SELECT     T1.School,     ROW_NUMBER() OVER (PARTITION BY T1.County ORDER BY T2.AvgScrRead DESC) AS rn   FROM schools AS T1   JOIN satscores AS T2     ON T1.CDSCode = T2.cds   WHERE     T1.Virtual = 'P' AND T2.rtype = 'S' ) SELECT   School FROM RankedSchools WHERE   rn <= 5","SELECT School FROM (SELECT T2.School,T1.AvgScrRead, RANK() OVER (PARTITION BY T2.County ORDER BY T1.AvgScrRead DESC) AS rnk FROM satscores AS T1 INNER JOIN schools AS T2 ON T1.cds = T2.CDSCode WHERE T2.Virtual = 'F' ) ranked_schools WHERE rnk <= 5",california_schools
455,What is the average writing score of each of the schools managed by Ricci Ulrich? List the schools and the corresponding average writing scores.,"SELECT T2.School ,  avg(T1.AvgScrWrite) FROM satscores AS T1 JOIN schools AS T2 ON T1.cds  =  T2.CDSCode WHERE T2.AdmFName1  =  'Ricci' AND T2.AdmLName1  =  'Ulrich' GROUP BY T2.School","SELECT T2.School, T1.AvgScrWrite FROM satscores AS T1 INNER JOIN schools AS T2 ON T1.cds = T2.CDSCode WHERE T2.AdmFName1 = 'Ricci' AND T2.AdmLName1 = 'Ulrich'",california_schools
456,Which state special schools have the highest number of enrollees from grades 1 through 12?,SELECT T1.School FROM schools AS T1 JOIN frpm AS T2 ON T1.CDSCode = T2.CDSCode WHERE T2.`School Type` = 'State Special' AND T2.`Enrollment (K-12)` = (SELECT max(`Enrollment (K-12)`) FROM frpm WHERE `School Type` = 'State Special'),SELECT T2.School FROM frpm AS T1 INNER JOIN schools AS T2 ON T1.CDSCode = T2.CDSCode WHERE T2.DOC = 31 ORDER BY T1.`Enrollment (K-12)` DESC LIMIT 1,california_schools
457,What is the monthly average number of schools that opened in Alameda County under the jurisdiction of the Elementary School District in 1980?,"SELECT avg(T1.school_count) FROM (SELECT count(CDSCode) AS school_count FROM schools WHERE County  =  'Alameda' AND DOCType  =  'Elementary School District' AND strftime('%Y', OpenDate)  =  '1980' GROUP BY strftime('%m', OpenDate)) AS T1","SELECT CAST(COUNT(School) AS REAL) / 12 FROM schools WHERE DOC = 52 AND County = 'Alameda' AND strftime('%Y', OpenDate) = '1980'",california_schools
458,What is the ratio of merged Unified School District schools in Orange County to merged Elementary School District schools?,SELECT CAST(SUM(CASE WHEN County = 'Orange' AND StatusType = 'Merged' AND DOCType = 'Unified School District' THEN 1 ELSE 0 END) AS REAL) / SUM(CASE WHEN County = 'Orange' AND StatusType = 'Merged' AND DOCType = 'Elementary School District' THEN 1 ELSE 0 END) FROM schools,SELECT CAST(SUM(CASE WHEN DOC = 54 THEN 1 ELSE 0 END) AS REAL) / SUM(CASE WHEN DOC = 52 THEN 1 ELSE 0 END) FROM schools WHERE StatusType = 'Merged' AND County = 'Orange',california_schools
459,What is the postal street address for the school with the 7th highest Math average? Indicate the school's name.,"SELECT T1.Street, T1.School FROM schools AS T1 JOIN satscores AS T2 ON T1.CDSCode = T2.cds ORDER BY T2.AvgScrMath DESC LIMIT 1 OFFSET 6","SELECT T2.MailStreet, T2.School FROM satscores AS T1 INNER JOIN schools AS T2 ON T1.cds = T2.CDSCode ORDER BY T1.AvgScrMath DESC LIMIT 6, 1",california_schools
460,What is the total number of non-chartered schools in the county of Los Angeles with a percent (%) of eligible free meals for grades 1 through 12 that is less than 0.18%?,SELECT count(T1.CDSCode) FROM schools AS T1 JOIN frpm AS T2 ON T1.CDSCode = T2.CDSCode WHERE T1.Charter = 'N' AND T1.County = 'Los Angeles' AND T2.`Percent (%) Eligible Free (K-12)` < 0.18,SELECT COUNT(T2.School) FROM frpm AS T1 INNER JOIN schools AS T2 ON T1.CDSCode = T2.CDSCode WHERE T2.County = 'Los Angeles' AND T2.Charter = 0 AND CAST(T1.`Free Meal Count (K-12)` AS REAL) * 100 / T1.`Enrollment (K-12)` < 0.18,california_schools
461,How many students from the ages of 5 to 17 are enrolled at the State Special School school in Fremont for the 2014-2015 academic year?,SELECT SUM(T1.`Enrollment (Ages 5-17)`) FROM frpm AS T1 JOIN schools AS T2 ON T1.CDSCode = T2.CDSCode WHERE T1.`Academic Year` = '2014-2015' AND T1.`School Name` = 'State Special School' AND T2.City = 'Fremont',SELECT T1.`Enrollment (Ages 5-17)` FROM frpm AS T1 INNER JOIN schools AS T2 ON T1.CDSCode = T2.CDSCode WHERE T2.EdOpsCode = 'SSS' AND T2.City = 'Fremont' AND T1.`Academic Year` BETWEEN 2014 AND 2015,california_schools
462,Which schools served a grade span of Kindergarten to 9th grade in the county of Los Angeles and what is its Percent (%) Eligible FRPM (Ages 5-17)?,"SELECT T1.`School Name` , T1.`Percent (%) Eligible FRPM (Ages 5-17)` FROM frpm AS T1 JOIN schools AS T2 ON T1.CDSCode = T2.CDSCode WHERE T2.GSserved = 'K-9' AND T2.County = 'Los Angeles'","SELECT T2.School, T1.`FRPM Count (Ages 5-17)` * 100 / T1.`Enrollment (Ages 5-17)` FROM frpm AS T1 INNER JOIN schools AS T2 ON T1.CDSCode = T2.CDSCode WHERE T2.County = 'Los Angeles' AND T2.GSserved = 'K-9'",california_schools
463,"Between San Diego and Santa Barbara, which county offers the most number of schools that does not offer physical building? Indicate the amount.","SELECT County , count(*) FROM schools WHERE County IN ('San Diego', 'Santa Barbara') AND Virtual = 'Y' GROUP BY County ORDER BY count(*) DESC LIMIT 1","SELECT County, COUNT(Virtual) FROM schools WHERE (County = 'San Diego' OR County = 'Santa Barbara') AND Virtual = 'F' GROUP BY County ORDER BY COUNT(Virtual) DESC LIMIT 1",california_schools
464,What is the grade span offered in the school with the highest longitude?,SELECT GSoffered FROM schools ORDER BY Longitude DESC LIMIT 1,SELECT GSoffered FROM schools ORDER BY ABS(longitude) DESC LIMIT 1,california_schools
465,"Of the schools that offers a magnet program serving a grade span of Kindergarten to 8th grade, how many offers Multiple Provision Types? List the number of cities that offers a Kindergarten to 8th grade span and indicate how many schools are there serving such grade span for each city.","SELECT count(DISTINCT T1.CDSCode) FROM schools AS T1 JOIN frpm AS T2 ON T1.CDSCode = T2.CDSCode WHERE T1.Magnet = 'Y' AND T1.GSoffered = 'K-8' AND T2.""NSLP Provision Status"" = 'Multiple'","SELECT T2.City, COUNT(T2.CDSCode) FROM frpm AS T1 INNER JOIN schools AS T2 ON T1.CDSCode = T2.CDSCode WHERE T2.Magnet = 1 AND T2.GSoffered = 'K-8' AND T1.`NSLP Provision Status` = 'Multiple Provision Types' GROUP BY T2.City",california_schools
466,What is the Percent (%) Eligible Free (K-12) in the school administered by an administrator whose first name is Alusine. List the district code of the school.,"SELECT T1.`Percent (%) Eligible Free (K-12)` ,  T1.`District Code` FROM frpm AS T1 JOIN schools AS T2 ON T1.CDSCode  =  T2.CDSCode WHERE T2.AdmFName1  =  'Alusine' OR T2.AdmFName2  =  'Alusine' OR T2.AdmFName3  =  'Alusine'","SELECT T1.`Free Meal Count (K-12)` * 100 / T1.`Enrollment (K-12)`, T1.`District Code` FROM frpm AS T1 INNER JOIN schools AS T2 ON T1.CDSCode = T2.CDSCode WHERE T2.AdmFName1 = 'Alusine'",california_schools
467,"What are the valid e-mail addresses of the administrator of the school located in the San Bernardino county, City of San Bernardino City Unified that opened between 1/1/2009 to 12/31/2010 whose school types are public Intermediate/Middle Schools and Unified Schools?",SELECT T1.AdmEmail1 FROM schools AS T1 JOIN frpm AS T2 ON T1.CDSCode  =  T2.CDSCode WHERE T1.County  =  'San Bernardino' AND T1.City  =  'San Bernardino City Unified' AND T1.OpenDate BETWEEN '2009-01-01' AND '2010-12-31' AND T2.`School Type` LIKE '%Public%' AND (T2.`School Type` LIKE '%Intermediate/Middle Schools%' OR T2.`School Type` LIKE '%Unified Schools%') AND T1.AdmEmail1 IS NOT NULL AND T1.AdmEmail1 != '' UNION SELECT T1.AdmEmail2 FROM schools AS T1 JOIN frpm AS T2 ON T1.CDSCode  =  T2.CDSCode WHERE T1.County  =  'San Bernardino' AND T1.City  =  'San Bernardino City Unified' AND T1.OpenDate BETWEEN '2009-01-01' AND '2010-12-31' AND T2.`School Type` LIKE '%Public%' AND (T2.`School Type` LIKE '%Intermediate/Middle Schools%' OR T2.`School Type` LIKE '%Unified Schools%') AND T1.AdmEmail2 IS NOT NULL AND T1.AdmEmail2 != '' UNION SELECT T1.AdmEmail3 FROM schools AS T1 JOIN frpm AS T2 ON T1.CDSCode  =  T2.CDSCode WHERE T1.County  =  'San Bernardino' AND T1.City  =  'San Bernardino City Unified' AND T1.OpenDate BETWEEN '2009-01-01' AND '2010-12-31' AND T2.`School Type` LIKE '%Public%' AND (T2.`School Type` LIKE '%Intermediate/Middle Schools%' OR T2.`School Type` LIKE '%Unified Schools%') AND T1.AdmEmail3 IS NOT NULL AND T1.AdmEmail3 != '',"SELECT T2.AdmEmail1, T2.AdmEmail2 FROM frpm AS T1 INNER JOIN schools AS T2 ON T1.CDSCode = T2.CDSCode WHERE T2.County = 'San Bernardino' AND T2.City = 'San Bernardino' AND T2.DOC = 54 AND strftime('%Y', T2.OpenDate) BETWEEN '2009' AND '2010' AND T2.SOC = 62",california_schools
468,How many accounts who choose issuance after transaction are staying in East Bohemia region?,SELECT count(DISTINCT T1.account_id) FROM account AS T1 JOIN district AS T2 ON T1.district_id  =  T2.district_id WHERE T2.A3  =  'East Bohemia' AND T1.account_id IN ( SELECT T3.account_id FROM disp AS T3 JOIN card AS T4 ON T3.disp_id  =  T4.disp_id GROUP BY T3.account_id HAVING min(T4.issued)  >  (SELECT min(T5.date) FROM trans AS T5 WHERE T5.account_id  =  T3.account_id)),SELECT COUNT(T2.account_id) FROM district AS T1 INNER JOIN account AS T2 ON T1.district_id = T2.district_id WHERE T1.A3 = 'east Bohemia' AND T2.frequency = 'POPLATEK PO OBRATU',financial
469,List out the no. of districts that have female average salary is more than 6000 but less than 10000?,SELECT count(DISTINCT T1.district_id) FROM district AS T1 JOIN client AS T2 ON T1.district_id  =  T2.district_id WHERE T2.gender  =  'F' AND T1.A11  >  6000 AND T1.A11  <  10000,SELECT COUNT(DISTINCT T2.district_id)  FROM client AS T1 INNER JOIN district AS T2 ON T1.district_id = T2.district_id WHERE T1.gender = 'F' AND T2.A11 BETWEEN 6000 AND 10000,financial
470,How many male customers who are living in North Bohemia have average salary greater than 8000?,SELECT count(DISTINCT T1.client_id) FROM client AS T1 JOIN district AS T2 ON T1.district_id  =  T2.district_id WHERE T1.gender  =  'M' AND T2.A3  =  'North Bohemia' AND T1.client_id IN ( SELECT T3.client_id FROM disp AS T3 JOIN account AS T4 ON T3.account_id  =  T4.account_id JOIN trans AS T5 ON T4.account_id  =  T5.account_id GROUP BY T3.client_id HAVING avg(T5.amount)  >  8000),SELECT COUNT(T1.client_id) FROM client AS T1 INNER JOIN district AS T2 ON T1.district_id = T2.district_id WHERE T1.gender = 'M' AND T2.A3 = 'north Bohemia' AND T2.A11 > 8000,financial
471,"List out the account numbers of female clients who are oldest and has lowest average salary, calculate the gap between this lowest average salary with the highest average salary?","SELECT T1.account_id , (SELECT max(A10) FROM district) - (SELECT min(A10) FROM district) FROM account AS T1 JOIN disp AS T2 ON T1.account_id = T2.account_id JOIN client AS T3 ON T2.client_id = T3.client_id WHERE T3.gender = 'F' AND T3.district_id = (SELECT district_id FROM district ORDER BY A10 ASC LIMIT 1) AND T3.birth_date = (SELECT min(birth_date) FROM client WHERE gender = 'F' AND district_id = (SELECT district_id FROM district ORDER BY A10 ASC LIMIT 1))","SELECT T1.account_id , ( SELECT MAX(A11) - MIN(A11) FROM district ) FROM account AS T1 INNER JOIN district AS T2 ON T1.district_id = T2.district_id INNER JOIN disp AS T3 ON T1.account_id = T3.account_id INNER JOIN client AS T4 ON T3.client_id = T4.client_id WHERE T2.district_id = ( SELECT district_id FROM client WHERE gender = 'F' ORDER BY birth_date ASC LIMIT 1 ) ORDER BY T2.A11 DESC LIMIT 1",financial
472,List out the account numbers of clients who are youngest and have highest average salary?,SELECT T1.account_id FROM account AS T1 JOIN disp AS T2 ON T1.account_id = T2.account_id JOIN client AS T3 ON T2.client_id = T3.client_id JOIN district AS T4 ON T3.district_id = T4.district_id WHERE T3.birth_date = (SELECT max(birth_date) FROM client) AND T4.A11 = (SELECT max(A11) FROM district),"SELECT T1.account_id  FROM account AS T1 INNER JOIN disp AS T2 ON T1.account_id = T2.account_id INNER JOIN client AS T3 ON T2.client_id = T3.client_id INNER JOIN district AS T4 on T4.district_id = T1.district_id WHERE T2.client_id = ( SELECT client_id FROM client ORDER BY birth_date DESC LIMIT 1) GROUP BY T4.A11, T1.account_id",financial
473,"Among the accounts who have approved loan date in 1997, list out the accounts that have the lowest approved amount and choose weekly issuance statement.",SELECT T1.account_id FROM loan AS T1 JOIN account AS T2 ON T1.account_id = T2.account_id WHERE T1.date LIKE '1997%' AND T2.frequency = 'POPLATEK TYDNE' AND T1.amount = (SELECT MIN(T3.amount) FROM loan AS T3 JOIN account AS T4 ON T3.account_id = T4.account_id WHERE T3.date LIKE '1997%' AND T4.frequency = 'POPLATEK TYDNE'),"SELECT T2.account_id FROM loan AS T1 INNER JOIN account AS T2 ON T1.account_id = T2.account_id WHERE STRFTIME('%Y', T1.date) = '1997' AND T2.frequency = 'POPLATEK TYDNE' ORDER BY T1.amount LIMIT 1",financial
474,"Among the accounts who have loan validity more than 12 months, list out the accounts that have the highest approved amount and have account opening date in 1993.","SELECT DISTINCT T1.account_id FROM account AS T1 JOIN loan AS T2 ON T1.account_id = T2.account_id WHERE T2.duration > 12 AND T2.status = 'A' AND strftime('%Y', T1.date) = '1993' AND T2.amount = (SELECT max(T2_sub.amount) FROM account AS T1_sub JOIN loan AS T2_sub ON T1_sub.account_id = T2_sub.account_id WHERE T2_sub.duration > 12 AND T2_sub.status = 'A' AND strftime('%Y', T1_sub.date) = '1993')","SELECT T1.account_id FROM loan AS T1 INNER JOIN account AS T2 ON T1.account_id = T2.account_id WHERE STRFTIME('%Y', T2.date) = '1993' AND T1.duration > 12 ORDER BY T1.amount DESC LIMIT 1",financial
475,"Among the account opened, how many female customers who were born before 1950 and stayed in Sokolov?",SELECT count(DISTINCT T1.client_id) FROM client AS T1 JOIN district AS T2 ON T1.district_id = T2.district_id JOIN disp AS T3 ON T1.client_id = T3.client_id WHERE T1.gender = 'F' AND T1.birth_date < '1950-01-01' AND T2.A3 = 'Sokolov',"SELECT COUNT(T2.client_id) FROM district AS T1 INNER JOIN client AS T2 ON T1.district_id = T2.district_id WHERE T2.gender = 'F' AND STRFTIME('%Y', T2.birth_date) < '1950' AND T1.A2 = 'Sokolov'",financial
476,"For the female client who was born in 1976/1/29, which district did she opened her account?",SELECT DISTINCT T4.district_id FROM client AS T1 JOIN disp AS T2 ON T1.client_id  =  T2.client_id JOIN account AS T3 ON T2.account_id  =  T3.account_id JOIN district AS T4 ON T3.district_id  =  T4.district_id WHERE T1.gender  =  'F' AND T1.birth_date  =  '1976-01-29',SELECT T1.A2 FROM district AS T1 INNER JOIN client AS T2 ON T1.district_id = T2.district_id WHERE T2.birth_date = '1976-01-29' AND T2.gender = 'F',financial
477,"For the branch which located in the south Bohemia with biggest number of inhabitants, what is the percentage of the male clients?",SELECT CAST(SUM(CASE WHEN T1.gender = 'M' THEN 1 ELSE 0 END) AS REAL) * 100 / COUNT(T1.client_id) FROM client AS T1 WHERE T1.district_id = (SELECT district_id FROM district WHERE A3 = 'south Bohemia' ORDER BY A4 DESC LIMIT 1),SELECT CAST(SUM(T1.gender = 'M') AS REAL) * 100 / COUNT(T1.client_id) FROM client AS T1 INNER JOIN district AS T2 ON T1.district_id = T2.district_id WHERE T2.A3 = 'south Bohemia' GROUP BY T2.A4 ORDER BY T2.A4 DESC LIMIT 1,financial
478,"For the client whose loan was approved first in 1993/7/5, what is the increase rate of his/her account balance from 1993/3/22 to 1998/12/27?","SELECT The provided SQL query has potential issues regarding ambiguity in identifying the ""first"" loan and the ""latest"" balance on a given date.","SELECT CAST((SUM(IIF(T3.date = '1998-12-27', T3.balance, 0)) - SUM(IIF(T3.date = '1993-03-22', T3.balance, 0))) AS REAL) * 100 / SUM(IIF(T3.date = '1993-03-22', T3.balance, 0)) FROM loan AS T1 INNER JOIN account AS T2 ON T1.account_id = T2.account_id INNER JOIN trans AS T3 ON T3.account_id = T2.account_id WHERE T1.date = '1993-07-05'",financial
479,What is the percentage of loan amount that has been fully paid with no issue.,SELECT (SELECT SUM(amount) FROM loan WHERE status = 'A') * 100.0 / (SELECT SUM(amount) FROM loan),SELECT (CAST(SUM(CASE WHEN status = 'A' THEN amount ELSE 0 END) AS REAL) * 100) / SUM(amount) FROM loan,financial
480,"For loan amount less than USD100,000, what is the percentage of accounts that is still running with no issue.",SELECT CAST((SELECT COUNT(DISTINCT account_id) FROM loan WHERE amount < 100000 AND status = 'C') AS REAL) * 100.0 / (SELECT COUNT(DISTINCT account_id) FROM loan WHERE amount < 100000),SELECT CAST(SUM(status = 'C') AS REAL) * 100 / COUNT(account_id) FROM loan WHERE amount < 100000,financial
481,"For loans contracts which are still running where client are in debt, list the district of the and the state the percentage unemployment rate increment from year 1995 to 1996.","SELECT T3.A2 ,  T3.A3 ,  (T3.A13 - T3.A12) / T3.A12 * 100 FROM loan AS T1 JOIN account AS T2 ON T1.account_id  =  T2.account_id JOIN district AS T3 ON T2.district_id  =  T3.district_id WHERE T1.status  =  'C'",SELECT CAST((T3.A13 - T3.A12) AS REAL) * 100 / T3.A12 FROM loan AS T1 INNER JOIN account AS T2 ON T1.account_id = T2.account_id INNER JOIN district AS T3 ON T2.district_id = T3.district_id WHERE T1.status = 'D',financial
482,"List the top nine districts, by descending order, from the highest to the lowest, the number of female account holders.",SELECT T1.A2 FROM district AS T1 JOIN account AS T2 ON T1.district_id  =  T2.district_id JOIN disp AS T3 ON T2.account_id  =  T3.account_id JOIN client AS T4 ON T3.client_id  =  T4.client_id WHERE T4.gender  =  'F' GROUP BY T1.district_id ORDER BY count(T4.client_id) DESC LIMIT 9,"SELECT T2.A2, COUNT(T1.client_id) FROM client AS T1 INNER JOIN district AS T2 ON T1.district_id = T2.district_id WHERE T1.gender = 'F' GROUP BY T2.district_id, T2.A2 ORDER BY COUNT(T1.client_id) DESC LIMIT 9",financial
483,"Between 1/1/1995 and 12/31/1997, how many loans in the amount of at least 250,000 per account that chose monthly statement issuance were approved?",SELECT count(T1.loan_id) FROM loan AS T1 JOIN account AS T2 ON T1.account_id = T2.account_id WHERE T1.date BETWEEN '1995-01-01' AND '1997-12-31' AND T1.amount >= 250000 AND T2.frequency = 'POPLATEK MESICNE' AND T1.status = 'A',SELECT COUNT(T1.account_id) FROM account AS T1 INNER JOIN loan AS T2 ON T1.account_id = T2.account_id WHERE T2.date BETWEEN '1995-01-01' AND '1997-12-31' AND T1.frequency = 'POPLATEK MESICNE' AND T2.amount >= 250000,financial
484,How many accounts have running contracts in Branch location 1?,SELECT count(DISTINCT T1.account_id) FROM account AS T1 JOIN loan AS T2 ON T1.account_id = T2.account_id JOIN district AS T3 ON T1.district_id = T3.district_id WHERE T2.status = 'A' AND T3.district_id = 1,SELECT COUNT(T1.account_id) FROM account AS T1 INNER JOIN district AS T2 ON T1.district_id = T2.district_id INNER JOIN loan AS T3 ON T1.account_id = T3.account_id WHERE T1.district_id = 1 AND (T3.status = 'C' OR T3.status = 'D'),financial
485,"In the branch where the second-highest number of crimes were committed in 1995 occurred, how many male clients are there?",SELECT count(T1.client_id) FROM client AS T1 JOIN district AS T2 ON T1.district_id = T2.district_id WHERE T1.gender = 'M' AND T2.district_id = (SELECT district_id FROM district ORDER BY A10 DESC LIMIT 1 OFFSET 1),"SELECT COUNT(T1.client_id) FROM client AS T1 INNER JOIN district AS T2 ON T1.district_id = T2.district_id WHERE T1.gender = 'M' AND T2.A15 = (SELECT T3.A15 FROM district AS T3 ORDER BY T3.A15 DESC LIMIT 1, 1)",financial
486,Which are the top ten withdrawals (non-credit card) by district names for the month of January 1996?,"SELECT T3.A2 ,  sum(T1.amount) FROM trans AS T1 JOIN account AS T2 ON T1.account_id  =  T2.account_id JOIN district AS T3 ON T2.district_id  =  T3.district_id WHERE T1.type  =  'VYDAJ' AND (T1.k_symbol IS NULL OR T1.k_symbol != 'UVER') AND T1.date BETWEEN '1996-01-01' AND '1996-01-31' GROUP BY T3.A2 ORDER BY sum(T1.amount) DESC LIMIT 10",SELECT DISTINCT T1.A2 FROM district AS T1 INNER JOIN account AS T2 ON T1.district_id = T2.district_id INNER JOIN trans AS T3 ON T2.account_id = T3.account_id WHERE T3.type = 'VYDAJ' AND T3.date LIKE '1996-01%' ORDER BY A2 ASC LIMIT 10,financial
487,How many accounts have running contracts in Branch location 1?,SELECT count(DISTINCT T1.account_id) FROM account AS T1 JOIN loan AS T2 ON T1.account_id = T2.account_id JOIN district AS T3 ON T1.district_id = T3.district_id WHERE T2.status = 'A' AND T3.district_id = 1,SELECT COUNT(T1.account_id) FROM account AS T1 INNER JOIN district AS T2 ON T1.district_id = T2.district_id INNER JOIN loan AS T3 ON T1.account_id = T3.account_id WHERE T1.district_id = 1 AND (T3.status = 'C' OR T3.status = 'D'),financial
488,"In the branch where the second-highest number of crimes were committed in 1995 occurred, how many male clients are there?",SELECT COUNT(T1.client_id) FROM client AS T1 JOIN district AS T2 ON T1.district_id = T2.district_id WHERE T1.gender = 'M' AND T2.district_id = (SELECT district_id FROM district ORDER BY A14 DESC LIMIT 1 OFFSET 1),"SELECT COUNT(T1.client_id) FROM client AS T1 INNER JOIN district AS T2 ON T1.district_id = T2.district_id WHERE T1.gender = 'M' AND T2.A15 = (SELECT T3.A15 FROM district AS T3 ORDER BY T3.A15 DESC LIMIT 1, 1)",financial
489,"Who are the account holder identification numbers whose who have transactions on the credit card with the amount is less than the average, in 1998?","SELECT DISTINCT T1.client_id FROM client AS T1 JOIN disp AS T2 ON T1.client_id  =  T2.client_id JOIN account AS T3 ON T2.account_id  =  T3.account_id JOIN trans AS T4 ON T3.account_id  =  T4.account_id JOIN card AS T5 ON T2.disp_id  =  T5.disp_id WHERE T5.type  =  'credit' AND strftime('%Y', T4.date)  =  '1998' AND T4.amount  <  (SELECT avg(T_sub.amount) FROM trans AS T_sub JOIN account AS A_sub ON T_sub.account_id  =  A_sub.account_id JOIN disp AS D_sub ON A_sub.account_id  =  D_sub.account_id JOIN card AS C_sub ON D_sub.disp_id  =  C_sub.disp_id WHERE C_sub.type  =  'credit' AND strftime('%Y', T_sub.date)  =  '1998')","SELECT T1.account_id FROM trans AS T1 INNER JOIN account AS T2 ON T1.account_id = T2.account_id WHERE STRFTIME('%Y', T1.date) = '1998' AND T1.operation = 'VYBER KARTOU' AND T1.amount < (SELECT AVG(amount) FROM trans WHERE STRFTIME('%Y', date) = '1998')",financial
490,"Please list the account types that are not eligible for loans, and the average income of residents in the district where the account is located exceeds $8000 but is no more than $9000.",SELECT DISTINCT T1.frequency FROM account AS T1 JOIN district AS T2 ON T1.district_id = T2.district_id WHERE T1.account_id NOT IN (SELECT account_id FROM loan) AND T2.A10 > 8000 AND T2.A10 <= 9000,SELECT T3.type FROM district AS T1 INNER JOIN account AS T2 ON T1.district_id = T2.district_id INNER JOIN disp AS T3 ON T2.account_id = T3.account_id WHERE T3.type != 'OWNER' AND T1.A11 BETWEEN 8000 AND 9000,financial
491,What is the average number of crimes committed in 1995 in regions where the number exceeds 4000 and the region has accounts that are opened starting from the year 1997?,"SELECT AVG(T1.A10) FROM district AS T1 WHERE T1.A10 > 4000 AND T1.district_id IN (SELECT DISTINCT T2.district_id FROM account AS T2 WHERE SUBSTR(T2.date, 1, 4) >= '1997')","SELECT AVG(T1.A15) FROM district AS T1 INNER JOIN account AS T2 ON T1.district_id = T2.district_id WHERE STRFTIME('%Y', T2.date) >= '1997' AND T1.A15 > 4000",financial
492,List all the withdrawals in cash transactions that the client with the id 3356 makes.,SELECT T1.* FROM trans AS T1 JOIN account AS T2 ON T1.account_id  =  T2.account_id JOIN disp AS T3 ON T2.account_id  =  T3.account_id JOIN client AS T4 ON T3.client_id  =  T4.client_id WHERE T4.client_id  =  3356 AND T1.type  =  'VYDAJ' AND T1.operation  =  'VYBER Z UCTU',SELECT T4.trans_id FROM client AS T1 INNER JOIN disp AS T2 ON T1.client_id = T2.client_id INNER JOIN account AS T3 ON T2.account_id = T3.account_id INNER JOIN trans AS T4 ON T3.account_id = T4.account_id WHERE T1.client_id = 3356 AND T4.operation = 'VYBER',financial
493,What percentage of clients who opened their accounts in the district with an average salary of over 10000 are women?,SELECT CAST(SUM(CASE WHEN T1.gender = 'F' THEN 1 ELSE 0 END) AS REAL) * 100 / COUNT(DISTINCT T1.client_id) FROM client AS T1 JOIN disp AS T2 ON T1.client_id  =  T2.client_id JOIN account AS T3 ON T2.account_id  =  T3.account_id JOIN district AS T4 ON T3.district_id  =  T4.district_id WHERE T4.A11  >  10000,SELECT CAST(SUM(T2.gender = 'F') AS REAL) * 100 / COUNT(T2.client_id) FROM district AS T1 INNER JOIN client AS T2 ON T1.district_id = T2.district_id WHERE T1.A11 > 10000,financial
494,What was the growth rate of the total amount of loans across all accounts for a male client between 1996 and 1997?,"SELECT (SUM(CASE WHEN STRFTIME('%Y', T4.date) = '1997' THEN T4.amount ELSE 0 END) - SUM(CASE WHEN STRFTIME('%Y', T4.date) = '1996' THEN T4.amount ELSE 0 END)) * 1.0 / SUM(CASE WHEN STRFTIME('%Y', T4.date) = '1996' THEN T4.amount ELSE 0 END) FROM client AS T1 JOIN disp AS T2 ON T1.client_id  =  T2.client_id JOIN account AS T3 ON T2.account_id  =  T3.account_id JOIN loan AS T4 ON T3.account_id  =  T4.account_id WHERE T1.gender  =  'M'","SELECT CAST((SUM(CASE WHEN STRFTIME('%Y', T1.date) = '1997' THEN T1.amount ELSE 0 END) - SUM(CASE WHEN STRFTIME('%Y', T1.date) = '1996' THEN T1.amount ELSE 0 END)) AS REAL) * 100 / SUM(CASE WHEN STRFTIME('%Y', T1.date) = '1996' THEN T1.amount ELSE 0 END) FROM loan AS T1 INNER JOIN account AS T2 ON T1.account_id = T2.account_id INNER JOIN disp AS T3 ON T3.account_id = T2.account_id INNER JOIN client AS T4 ON T4.client_id = T3.client_id WHERE T4.gender = 'M' AND T3.type = 'OWNER'",financial
495,How often does account number 3 request an account statement to be released? What was the aim of debiting 3539 in total?,"SELECT The given SQL query only addresses the second part of the question and might not fully capture the meaning of ""in total"". The first part of the question is completely missing.","SELECT T1.frequency, T2.k_symbol FROM account AS T1 INNER JOIN (SELECT account_id, k_symbol, SUM(amount) AS total_amount FROM `order` GROUP BY account_id, k_symbol) AS T2 ON T1.account_id = T2.account_id WHERE T1.account_id = 3 AND T2.total_amount = 3539",financial
496,What percentage of male clients request for weekly statements to be issued?,SELECT CAST(COUNT(DISTINCT CASE WHEN T3.frequency = 'POPLATEK TYDNE' THEN T1.client_id ELSE NULL END) AS REAL) * 100.0 / COUNT(DISTINCT T1.client_id) FROM client AS T1 JOIN disp AS T2 ON T1.client_id = T2.client_id JOIN account AS T3 ON T2.account_id = T3.account_id WHERE T1.gender = 'M',SELECT CAST(SUM(T1.gender = 'M') AS REAL) * 100 / COUNT(T1.client_id) FROM client AS T1 INNER JOIN district AS T3 ON T1.district_id = T3.district_id INNER JOIN account AS T2 ON T2.district_id = T3.district_id INNER JOIN disp as T4 on T1.client_id = T4.client_id AND T2.account_id = T4.account_id WHERE T2.frequency = 'POPLATEK TYDNE',financial
497,Name the account numbers of female clients who are oldest and have lowest average salary?,SELECT T1.account_id FROM account AS T1 JOIN disp AS T2 ON T1.account_id  =  T2.account_id JOIN client AS T3 ON T2.client_id  =  T3.client_id JOIN district AS T4 ON T3.district_id  =  T4.district_id WHERE T3.gender  =  'F' AND T3.birth_date  =  (SELECT min(birth_date) FROM client WHERE gender  =  'F') AND T4.A14  =  (SELECT min(A14) FROM district),"SELECT T3.account_id FROM client AS T1 INNER JOIN district AS T2 ON T1.district_id = T2.district_id INNER JOIN account AS T3 ON T2.district_id = T3.district_id INNER JOIN disp AS T4 ON T1.client_id = T4.client_id AND T4.account_id = T3.account_id  WHERE T1.gender = 'F' ORDER BY T1.birth_date ASC, T2.A11 ASC LIMIT 1",financial
498,What is the average amount of loan which are still on running contract with statement issuance after each transaction?,SELECT avg(T1.amount) FROM loan AS T1 JOIN account AS T2 ON T1.account_id  =  T2.account_id WHERE T1.status  =  'B' AND T2.frequency  =  'POPLATEK MESICNE',"SELECT AVG(T2.amount) FROM account AS T1 INNER JOIN loan AS T2 ON T1.account_id = T2.account_id WHERE T2.status IN ('C', 'D') AND T1.frequency = 'POPLATEK PO OBRATU'",financial
499,"Provide the IDs and age of the client with high level credit card, which is eligible for loans.","SELECT DISTINCT T1.client_id ,  STRFTIME('%Y', 'now') - STRFTIME('%Y', T1.birth_date) FROM client AS T1 JOIN disp AS T2 ON T1.client_id  =  T2.client_id JOIN card AS T3 ON T2.disp_id  =  T3.disp_id JOIN account AS T4 ON T2.account_id  =  T4.account_id JOIN loan AS T5 ON T4.account_id  =  T5.account_id WHERE T3.type  =  'gold'","SELECT T1.client_id, STRFTIME('%Y', CURRENT_TIMESTAMP) - STRFTIME('%Y', T3.birth_date) FROM disp AS T1 INNER JOIN card AS T2 ON T2.disp_id = T1.disp_id INNER JOIN client AS T3 ON T1.client_id = T3.client_id WHERE T2.type = 'gold' AND T1.type = 'OWNER'",financial
